Driver;Entraineur;Distance;Recul;Autostart;Deferre;Age;Sexe;Place;Gagnant;Favori;Outsider;Hippodrome;Date
S. Ernault ;;2700;NON;NON;NON;4;H;NON;NON;NON;NON;VINCENNES;
P. Vercruysse;;2700;NON;NON;NON;4;M;NON;NON;NON;NON;VINCENNES;
A. Chavatte;;2700;NON;NON;NON;4;M;NON;NON;NON;OUI;VINCENNES;
A. Barrier;;2700;NON;NON;NON;4;H;NON;NON;OUI;NON;VINCENNES;
J.M. Bazire;;2700;NON;NON;NON;4;H;NON;NON;OUI;NON;VINCENNES;
D. Thomain;;2700;NON;NON;NON;5;H;NON;NON;OUI;NON;VINCENNES;
N. Roussel;;2700;NON;NON;NON;5;H;NON;NON;NON;NON;VINCENNES;
P. Vercruysse;;2700;NON;NON;NON;5;M;NON;NON;NON;NON;VINCENNES;
B. Piton;;2700;NON;NON;NON;5;M;NON;NON;NON;NON;VINCENNES;
A. Abrivard;;2700;NON;NON;NON;5;M;NON;NON;OUI;NON;VINCENNES;
S. Roger;;2700;NON;NON;NON;4;F;NON;NON;NON;NON;VINCENNES;
A. Barrier;;2700;NON;NON;NON;4;F;NON;NON;NON;NON;VINCENNES;
F. Ouvrie;;2700;NON;NON;NON;4;F;NON;NON;OUI;NON;VINCENNES;
P. Vercruysse;;2700;NON;NON;NON;4;F;NON;NON;OUI;NON;VINCENNES;
F. Nivard;;2700;NON;NON;NON;4;F;NON;NON;NON;NON;VINCENNES;
F. Nivard;;3000;NON;NON;NON;5;M;NON;NON;NON;NON;VINCENNES;
C. Megissier;;3000;NON;NON;NON;5;M;OUI;NON;OUI;NON;VINCENNES;
Ph. Daugeard;;3000;NON;NON;NON;5;M;OUI;NON;OUI;NON;VINCENNES;
R. Derieux;;3000;NON;NON;NON;5;M;NON;NON;NON;NON;VINCENNES;
J.M. Bazire;;3000;NON;NON;NON;5;M;NON;NON;OUI;NON;VINCENNES;
B. Goop;;2850;NON;NON;NON;6;F;NON;NON;NON;NON;VINCENNES;
A. Abrivard;;2850;OUI;NON;NON;6;F;NON;NON;NON;NON;VINCENNES;
E. Raffin;;2850;OUI;NON;NON;6;F;NON;NON;OUI;NON;VINCENNES;
P. Vercruysse;;2850;NON;NON;NON;6;F;OUI;NON;NON;NON;VINCENNES;
M. Mottier;;2850;NON;NON;NON;6;F;NON;NON;NON;OUI;VINCENNES;
D. Bonne;;2700;NON;NON;NON;8;M;OUI;OUI;NON;NON;VINCENNES;
W. Bigeon;;2700;NON;NON;NON;10;H;NON;NON;NON;NON;VINCENNES;
J.M. Bazire;;2700;NON;NON;NON;6;M;NON;NON;OUI;NON;VINCENNES;
L. Guinoiseau;;2700;NON;NON;NON;8;F;NON;NON;OUI;NON;VINCENNES;
F. Nivard;;2700;NON;NON;NON;6;M;NON;NON;OUI;NON;VINCENNES;
J.M. Bazire;;2850;NON;NON;NON;6;H;NON;NON;OUI;NON;VINCENNES;
D. Bonne;;2850;NON;NON;NON;7;H;NON;NON;NON;NON;VINCENNES;
Ch. Martens;;2850;NON;NON;NON;6;H;NON;NON;OUI;NON;VINCENNES;
J. Verbeeck;;2850;NON;NON;NON;7;M;NON;NON;OUI;NON;VINCENNES;
F. Ouvrie;;2850;NON;NON;NON;6;H;NON;NON;NON;NON;VINCENNES;
E. Raffin;;2700;NON;NON;NON;7;M;NON;NON;OUI;NON;VINCENNES;
F. Ouvrie;;2700;NON;NON;NON;8;H;NON;NON;OUI;NON;VINCENNES;
L. Verva;;2700;NON;NON;NON;9;H;NON;NON;NON;NON;VINCENNES;
D. Locqueneux;;2700;NON;NON;NON;7;F;NON;NON;NON;NON;VINCENNES;
A. Barrier;;2700;NON;NON;NON;7;F;NON;NON;OUI;NON;VINCENNES;
F. Ouvrie;;2100;NON;OUI;NON;7;H;NON;NON;OUI;NON;VINCENNES;
R.Ch. Larue;;2100;NON;OUI;NON;9;H;NON;NON;NON;OUI;VINCENNES;
F. Nivard;;2100;NON;OUI;NON;8;H;NON;NON;NON;NON;VINCENNES;
Ph. Daugeard;;2100;OUI;OUI;NON;7;H;NON;NON;NON;NON;VINCENNES;
S. Hardy;;2100;NON;OUI;NON;8;F;NON;NON;NON;NON;VINCENNES;
F. Nivard;;2100;NON;OUI;NON;7;H;NON;NON;NON;NON;VINCENNES;
P. Levesque;;2100;NON;OUI;NON;8;F;OUI;NON;OUI;NON;VINCENNES;
A. Barrier;;2100;NON;OUI;NON;8;H;NON;NON;OUI;NON;VINCENNES;
P. Vercruysse;;2100;NON;OUI;NON;6;F;NON;NON;NON;NON;VINCENNES;
D. Locqueneux;;2100;OUI;OUI;NON;7;M;NON;NON;NON;NON;VINCENNES;
P.Edouard Mar;;2850;OUI;NON;NON;5;F;NON;NON;OUI;NON;VINCENNES;
P.Y. Verva;;2850;OUI;NON;NON;5;F;NON;NON;NON;NON;VINCENNES;
A.G. Maillard;;2850;OUI;NON;NON;5;F;NON;NON;NON;NON;VINCENNES;
M. Bezier;;2850;NON;NON;NON;5;F;NON;NON;NON;NON;VINCENNES;
L. Laudren;;2850;NON;NON;NON;5;F;NON;NON;NON;OUI;VINCENNES;
P.Y. Verva;;2700;NON;NON;NON;7;F;NON;NON;NON;NON;VINCENNES;
P. Vercruysse;;2700;NON;NON;NON;7;M;OUI;NON;NON;NON;VINCENNES;
S. Baude;;2700;NON;NON;NON;7;M;NON;NON;OUI;NON;VINCENNES;
D. Locqueneux;;2700;NON;NON;NON;8;H;OUI;NON;NON;NON;VINCENNES;
Ch. Martens;;2700;NON;NON;NON;8;H;NON;NON;NON;NON;VINCENNES;
R. Derieux;;2850;NON;NON;NON;6;H;NON;NON;OUI;NON;VINCENNES;
J.Ph. Raffege;;2850;NON;NON;NON;6;H;NON;NON;NON;NON;VINCENNES;
Ch. Bigeon;;2850;NON;NON;NON;6;H;NON;NON;OUI;NON;VINCENNES;
J.F. Senet;;2850;NON;NON;NON;6;M;NON;NON;NON;NON;VINCENNES;
J. Verbeeck;;2850;NON;NON;NON;6;H;NON;NON;OUI;NON;VINCENNES;
D. Locqueneux;;2850;OUI;NON;NON;7;M;OUI;NON;OUI;NON;VINCENNES;
F. Nivard;;2850;OUI;NON;NON;7;F;NON;NON;OUI;NON;VINCENNES;
M. Minopoli J;;2850;NON;NON;NON;7;M;NON;NON;NON;NON;VINCENNES;
P.Y. Verva;;2850;NON;NON;NON;7;M;NON;NON;NON;NON;VINCENNES;
J. Baudron;;2850;OUI;NON;NON;8;M;NON;NON;OUI;NON;VINCENNES;
F. Nivard;;2850;NON;NON;NON;6;M;NON;NON;OUI;NON;VINCENNES;
S. Roger;;2850;NON;NON;NON;7;H;NON;NON;NON;NON;VINCENNES;
D. Thomain;;2850;NON;NON;NON;10;H;NON;NON;NON;NON;VINCENNES;
Ph. Daugeard;;2850;NON;NON;NON;7;F;NON;NON;NON;NON;VINCENNES;
J.Ph. Dubois;;2850;NON;NON;NON;8;M;NON;NON;NON;NON;VINCENNES;
J. Guelpa;;2850;NON;NON;NON;8;H;OUI;NON;NON;NON;VINCENNES;
S.J.L. Tessie;;2850;NON;NON;NON;7;F;NON;NON;NON;OUI;VINCENNES;
A. Thomas;;2850;OUI;NON;NON;7;F;NON;NON;OUI;NON;VINCENNES;
F. Nivard;;2850;OUI;NON;NON;8;H;NON;NON;NON;NON;VINCENNES;
A. Barrier;;2850;NON;NON;NON;7;F;NON;NON;NON;NON;VINCENNES;
J.M. Bazire;;2850;NON;NON;NON;6;H;NON;NON;OUI;NON;VINCENNES;
R. Bergh;;2850;NON;NON;NON;6;H;NON;NON;OUI;NON;VINCENNES;
J. Niskanen;;2850;NON;NON;NON;6;H;NON;NON;OUI;NON;VINCENNES;
F. Anne;;2850;NON;NON;NON;7;F;NON;NON;NON;NON;VINCENNES;
J. Verbeeck;;2850;OUI;NON;NON;6;H;NON;NON;NON;NON;VINCENNES;
F. Nivard;NON;2850;OUI;NON;NON;6;H;NON;NON;OUI;NON;VINCENNES;
J.M. Bazire;OUI;2850;NON;NON;NON;6;H;NON;NON;OUI;NON;VINCENNES;
D. Locqueneux;NON;2850;NON;NON;NON;8;M;OUI;NON;OUI;NON;VINCENNES;
R. Bergh;OUI;2850;NON;NON;NON;6;H;NON;NON;OUI;NON;VINCENNES;
J. Niskanen;OUI;2850;NON;NON;NON;6;H;NON;NON;OUI;NON;VINCENNES;
S. Baude;OUI;2700;NON;NON;NON;7;H;NON;NON;OUI;NON;VINCENNES;
M. Abrivard;NON;2700;NON;NON;NON;7;M;NON;NON;NON;NON;VINCENNES;
E. Raffin;NON;2700;NON;NON;NON;8;H;NON;NON;NON;NON;VINCENNES;
F. Lagadeuc;OUI;2700;NON;NON;NON;9;H;NON;NON;NON;NON;VINCENNES;
P. Vercruysse;NON;2700;NON;NON;NON;7;M;OUI;NON;NON;NON;VINCENNES;
P. Levesque;NON;2100;NON;OUI;NON;8;F;OUI;NON;OUI;NON;VINCENNES;
D. Bonne;NON;2100;OUI;OUI;NON;8;M;NON;NON;OUI;NON;VINCENNES;
Ph. Daugeard;OUI;2100;NON;OUI;NON;7;F;NON;NON;OUI;NON;VINCENNES;
F. Nivard;NON;2100;NON;OUI;NON;9;H;NON;NON;NON;NON;VINCENNES;
D. Thomain;NON;2100;NON;OUI;NON;10;H;NON;NON;NON;NON;VINCENNES;
M. Mottier;NON;2100;NON;OUI;NON;4;F;NON;NON;OUI;NON;VINCENNES;
J. Dubois;NON;2100;NON;OUI;NON;4;F;NON;NON;NON;NON;VINCENNES;
E. Bellei;NON;2100;NON;OUI;NON;4;M;NON;NON;NON;NON;VINCENNES;
J.M. Bazire;OUI;2100;NON;OUI;NON;4;M;NON;NON;OUI;NON;VINCENNES;
Mlle J. Lindq;NON;2100;NON;OUI;NON;5;F;NON;NON;NON;NON;VINCENNES;
J.M. Bazire;NON;2850;NON;NON;NON;6;F;NON;NON;OUI;NON;VINCENNES;
Ch. Bigeon;OUI;2850;NON;NON;NON;6;F;NON;NON;OUI;NON;VINCENNES;
Ph. Ternisien;OUI;2850;NON;NON;NON;6;F;NON;NON;NON;NON;VINCENNES;
Th. Viet;NON;2850;NON;NON;NON;6;F;NON;NON;OUI;NON;VINCENNES;
M. Abrivard;NON;2850;NON;NON;NON;6;F;NON;NON;OUI;NON;VINCENNES;
D. Locqueneux;NON;2100;NON;OUI;NON;5;M;NON;NON;OUI;NON;VINCENNES;
E. Raffin;NON;2100;OUI;OUI;NON;5;H;OUI;NON;NON;NON;VINCENNES;
J.M. Bazire;OUI;2100;NON;OUI;NON;5;M;NON;NON;OUI;NON;VINCENNES;
A. Abrivard;NON;2100;NON;OUI;NON;5;F;NON;NON;NON;NON;VINCENNES;
J.P. Dubois;OUI;2100;NON;OUI;NON;4;F;NON;NON;OUI;NON;VINCENNES;
Th. Viet;NON;2850;NON;NON;NON;5;F;NON;NON;NON;NON;VINCENNES;
Ch. Bigeon;OUI;2850;NON;NON;NON;5;F;NON;NON;OUI;NON;VINCENNES;
J.M. Bazire;NON;2850;NON;NON;NON;5;F;NON;NON;OUI;NON;VINCENNES;
F. Ouvrie;NON;2850;NON;NON;NON;5;F;NON;NON;NON;NON;VINCENNES;
D. Cordeau;OUI;2850;NON;NON;NON;5;F;NON;NON;NON;NON;VINCENNES;
P. Levesque;NON;2100;OUI;OUI;NON;8;H;NON;NON;OUI;NON;VINCENNES;
J.M. Bazire;OUI;2100;NON;OUI;NON;6;F;NON;NON;OUI;NON;VINCENNES;
R. Bergh;OUI;2100;OUI;OUI;NON;6;H;NON;NON;OUI;NON;VINCENNES;
A. Barrier;NON;2100;NON;OUI;NON;8;F;NON;NON;NON;NON;VINCENNES;
A. Thomas;OUI;2100;NON;OUI;NON;7;F;NON;NON;NON;NON;VINCENNES;
J. Dubois;NON;2700;NON;NON;NON;7;H;NON;NON;OUI;NON;VINCENNES;
M. Abrivard;OUI;2700;NON;NON;NON;7;H;NON;NON;OUI;NON;VINCENNES;
D. Locqueneux;NON;2700;NON;NON;NON;8;H;NON;NON;OUI;NON;VINCENNES;
J.M. Bazire;NON;2700;NON;NON;NON;6;M;OUI;NON;OUI;NON;VINCENNES;
F. Nivard;OUI;2700;NON;NON;NON;7;H;NON;NON;NON;NON;VINCENNES;
F.P. Bossuet;OUI;2850;NON;NON;NON;6;H;NON;NON;OUI;NON;VINCENNES;
D. Bonne;OUI;2850;NON;NON;NON;6;H;NON;NON;OUI;NON;VINCENNES;
J. Bruneau;OUI;2850;NON;NON;NON;6;H;NON;NON;NON;NON;VINCENNES;
W. Bigeon;NON;2850;NON;NON;NON;6;H;NON;NON;NON;NON;VINCENNES;
M. Abrivard;NON;2850;NON;NON;NON;6;H;NON;NON;NON;NON;VINCENNES;
J.M. Bazire;NON;2700;NON;NON;NON;4;H;OUI;NON;OUI;NON;VINCENNES;
E. Raffin;NON;2700;NON;NON;NON;5;F;NON;NON;NON;NON;VINCENNES;
F. Ouvrie;NON;2700;NON;NON;NON;5;F;NON;NON;NON;NON;VINCENNES;
M. Abrivard;NON;2700;NON;NON;NON;4;F;NON;NON;NON;NON;VINCENNES;
F. Nivard;NON;2700;NON;NON;NON;4;F;NON;NON;OUI;NON;VINCENNES;
E. Raffin;NON;2700;NON;NON;NON;7;M;NON;NON;OUI;NON;VINCENNES;
Ch. Dreux;OUI;2700;NON;NON;NON;7;M;NON;NON;OUI;NON;VINCENNES;
F. Nivard;NON;2700;NON;NON;NON;7;H;NON;NON;OUI;NON;VINCENNES;
F. Lagadeuc;OUI;2700;NON;NON;NON;9;H;NON;NON;NON;NON;VINCENNES;
M. Mottier;OUI;2700;NON;NON;NON;8;F;NON;NON;NON;NON;VINCENNES;
J. Verbeeck;NON;2700;NON;NON;NON;8;H;NON;NON;OUI;NON;VINCENNES;
M. Mottier;NON;2700;NON;NON;NON;7;H;NON;NON;NON;NON;VINCENNES;
P.Y. Verva;NON;2700;NON;NON;NON;7;H;NON;NON;OUI;NON;VINCENNES;
M.X. Charlot;OUI;2700;NON;NON;NON;8;H;NON;NON;NON;NON;VINCENNES;
S. Roger;OUI;2700;NON;NON;NON;8;H;NON;NON;NON;NON;VINCENNES;
P. Levesque;NON;2850;NON;NON;NON;8;H;NON;NON;OUI;NON;VINCENNES;
J.Et. Dubois;OUI;2850;NON;NON;NON;6;M;NON;NON;NON;NON;VINCENNES;
F. Nivard;NON;2850;NON;NON;NON;9;H;NON;NON;NON;NON;VINCENNES;
D. Locqueneux;NON;2850;NON;NON;NON;6;H;NON;NON;NON;NON;VINCENNES;
W. Bigeon;NON;2850;NON;NON;NON;10;H;NON;NON;NON;NON;VINCENNES;
Ch. Bigeon;OUI;2850;NON;NON;NON;6;F;NON;NON;OUI;NON;VINCENNES;
Ch.J. Bigeon;OUI;2850;NON;NON;NON;6;F;NON;NON;NON;NON;VINCENNES;
G. Gelormini;NON;2850;NON;NON;NON;6;F;NON;NON;NON;NON;VINCENNES;
D. Thomain;NON;2850;NON;NON;NON;6;F;NON;NON;NON;NON;VINCENNES;
J.M. Bazire;NON;2850;NON;NON;NON;6;F;NON;NON;OUI;NON;VINCENNES;
F.P. Bossuet;OUI;2850;OUI;NON;NON;6;F;NON;NON;OUI;NON;VINCENNES;
W. Bigeon;OUI;2850;NON;NON;NON;6;H;NON;NON;OUI;NON;VINCENNES;
E. Raffin;NON;2850;OUI;NON;NON;7;H;NON;NON;OUI;NON;VINCENNES;
D. Locqueneux;NON;2850;NON;NON;NON;7;H;NON;NON;NON;NON;VINCENNES;
Th. Levesque;NON;2850;OUI;NON;NON;7;H;NON;NON;NON;NON;VINCENNES;
R.Ch. Larue;OUI;2700;NON;NON;NON;5;H;NON;NON;NON;OUI;VINCENNES;
A. Abrivard;NON;2700;NON;NON;NON;5;H;NON;NON;OUI;NON;VINCENNES;
D. Locqueneux;NON;2700;NON;NON;NON;5;H;NON;NON;NON;NON;VINCENNES;
F. Ouvrie;NON;2700;NON;NON;NON;5;H;NON;NON;NON;NON;VINCENNES;
E. Raffin;NON;2700;NON;NON;NON;5;H;NON;NON;OUI;NON;VINCENNES;
P. Levesque;NON;2700;NON;NON;NON;6;H;NON;NON;OUI;NON;VINCENNES;
H. Sionneau;OUI;2700;NON;NON;NON;6;M;NON;NON;NON;NON;VINCENNES;
S. Desmarres;OUI;2700;NON;NON;NON;8;H;NON;NON;NON;NON;VINCENNES;
J.M. Bazire;OUI;2700;NON;NON;NON;6;H;NON;NON;OUI;NON;VINCENNES;
J.Ph. Mary;OUI;2700;NON;NON;NON;6;H;NON;NON;NON;NON;VINCENNES;
J.L.Cl. Derso;OUI;2700;NON;NON;NON;6;H;NON;NON;OUI;NON;VINCENNES;
M. Abrivard;OUI;2700;NON;NON;NON;6;H;OUI;NON;OUI;NON;VINCENNES;
Th. Viet;NON;2700;NON;NON;NON;6;H;NON;NON;NON;OUI;VINCENNES;
R. Bergh;OUI;2700;NON;NON;NON;6;H;NON;NON;OUI;NON;VINCENNES;
D. Thomain;NON;2700;NON;NON;NON;6;H;NON;NON;NON;NON;VINCENNES;
J.M. Bazire;OUI;2700;NON;NON;NON;4;M;NON;NON;OUI;NON;VINCENNES;
J.L.Cl. Derso;NON;2700;NON;NON;NON;4;H;NON;NON;NON;NON;VINCENNES;
F. Anne;OUI;2700;NON;NON;NON;4;M;NON;NON;OUI;NON;VINCENNES;
F. Nivard;NON;2700;NON;NON;NON;4;M;NON;NON;NON;NON;VINCENNES;
P. Vercruysse;NON;2700;NON;NON;NON;4;M;NON;NON;NON;NON;VINCENNES;
J.L.Cl. Derso;OUI;2100;OUI;OUI;NON;8;H;NON;NON;OUI;NON;VINCENNES;
A. Barrier;NON;2100;NON;OUI;NON;6;F;NON;NON;OUI;NON;VINCENNES;
P. Vercruysse;NON;2100;NON;OUI;NON;7;M;NON;NON;NON;NON;VINCENNES;
J.M. Bazire;NON;2100;OUI;OUI;NON;6;F;NON;NON;NON;NON;VINCENNES;
P.Y. Verva;NON;2100;NON;OUI;NON;7;M;NON;NON;NON;NON;VINCENNES;
A. Barrier;NON;2850;NON;NON;NON;7;F;NON;NON;OUI;NON;VINCENNES;
J.M. Bazire;NON;2850;NON;NON;NON;8;F;NON;NON;NON;NON;VINCENNES;
L.Cl. Abrivar;OUI;2850;NON;NON;NON;6;F;NON;NON;NON;NON;VINCENNES;
F. Nivard;NON;2850;NON;NON;NON;6;F;NON;NON;OUI;NON;VINCENNES;
Et. Lefranc;OUI;2850;NON;NON;NON;6;F;NON;NON;NON;NON;VINCENNES;
A. Barrier;NON;2850;NON;NON;NON;6;F;NON;NON;NON;NON;VINCENNES;
C. Megissier;OUI;2850;NON;NON;NON;5;M;OUI;NON;OUI;NON;VINCENNES;
Th. Duvaldest;OUI;2850;NON;NON;NON;7;M;NON;NON;NON;NON;VINCENNES;
M. Abrivard;NON;2850;NON;NON;NON;7;F;NON;NON;NON;NON;VINCENNES;
J. Dubois;NON;2850;NON;NON;NON;6;M;NON;NON;OUI;NON;VINCENNES;
E. Raffin;NON;2700;NON;NON;NON;3;M;NON;NON;NON;NON;VINCENNES;
J.M. Bazire;NON;2700;NON;NON;NON;3;M;NON;NON;NON;NON;VINCENNES;
M. Mottier;NON;2700;NON;NON;NON;3;F;NON;NON;NON;OUI;VINCENNES;
D. Thomain;NON;2700;NON;NON;NON;3;M;NON;NON;NON;NON;VINCENNES;
P. Vercruysse;NON;2700;NON;NON;NON;3;M;NON;NON;NON;NON;VINCENNES;
Ph. Daugeard;OUI;2850;OUI;NON;NON;7;F;OUI;NON;OUI;NON;VINCENNES;
J.W. Hallais;OUI;2850;OUI;NON;NON;7;F;NON;NON;NON;NON;VINCENNES;
S. Roger;OUI;2850;OUI;NON;NON;7;H;NON;NON;OUI;NON;VINCENNES;
S. Ernault;NON;2850;OUI;NON;NON;8;F;OUI;NON;OUI;NON;VINCENNES;
F. Nivard;OUI;2850;OUI;NON;NON;7;H;NON;NON;NON;NON;VINCENNES;
F.P. Bossuet;OUI;2100;NON;OUI;NON;6;H;OUI;NON;OUI;NON;VINCENNES;
J.M. Bazire;NON;2100;NON;OUI;NON;6;H;OUI;NON;OUI;NON;VINCENNES;
L. Baudron;OUI;2100;NON;OUI;NON;6;F;NON;NON;NON;NON;VINCENNES;
T. Jansson;OUI;2100;OUI;OUI;NON;6;H;NON;NON;NON;NON;VINCENNES;
C. Lugauer;OUI;2100;NON;OUI;NON;6;M;NON;NON;OUI;NON;VINCENNES;
A. Barrier;NON;2850;OUI;NON;NON;7;F;NON;NON;OUI;NON;VINCENNES;
P.Y. Verva;NON;2850;OUI;NON;NON;8;H;NON;NON;NON;NON;VINCENNES;
P. Vercruysse;OUI;2850;NON;NON;NON;8;M;NON;NON;OUI;NON;VINCENNES;
E. Raffin;NON;2850;OUI;NON;NON;7;H;NON;NON;OUI;NON;VINCENNES;
F. Nivard;NON;2850;OUI;NON;NON;7;H;NON;NON;OUI;NON;VINCENNES;
J.L.Cl. Derso;NON;2100;OUI;OUI;NON;5;H;NON;NON;OUI;NON;VINCENNES;
P. Vercruysse;NON;2100;NON;OUI;NON;5;H;NON;NON;NON;NON;VINCENNES;
H. Langeweg J;OUI;2100;OUI;OUI;NON;4;M;OUI;NON;NON;NON;VINCENNES;
A. Abrivard;NON;2100;NON;OUI;NON;5;F;NON;NON;NON;NON;VINCENNES;
D. Locqueneux;NON;2100;NON;OUI;NON;5;M;OUI;NON;OUI;NON;VINCENNES;
J. Dubois;NON;2850;NON;NON;NON;7;H;NON;NON;OUI;NON;VINCENNES;
D. Thomain;NON;2850;NON;NON;NON;5;F;NON;NON;NON;NON;VINCENNES;
J.M. Bazire;NON;2850;OUI;NON;NON;5;M;NON;NON;OUI;NON;VINCENNES;
J.L.Cl. Derso;OUI;2850;NON;NON;NON;8;H;NON;NON;NON;NON;VINCENNES;
F. Ouvrie;NON;2850;NON;NON;NON;8;H;NON;NON;NON;NON;VINCENNES;
Ch. Martens;OUI;2700;NON;NON;OUI;7;F;NON;NON;NON;NON;VINCENNES;
J.L.Cl. Derso;OUI;2700;NON;NON;OUI;7;H;NON;NON;OUI;NON;VINCENNES;
E. Raffin;NON;2700;NON;NON;OUI;10;H;NON;NON;NON;NON;VINCENNES;
Mlle J. Lindq;NON;2700;NON;NON;NON;7;F;NON;NON;NON;NON;VINCENNES;
J.M. Bazire;NON;2700;NON;NON;OUI;7;F;NON;NON;NON;NON;VINCENNES;
A. Abrivard;OUI;2700;NON;NON;OUI;6;F;NON;NON;NON;NON;VINCENNES;
F. Nivard;NON;2700;NON;NON;OUI;6;F;NON;NON;OUI;NON;VINCENNES;
A. Barrier;NON;2700;NON;NON;OUI;7;F;NON;NON;NON;NON;VINCENNES;
P. Levesque;NON;2700;NON;NON;OUI;6;F;NON;NON;NON;NON;VINCENNES;
L. Baudron;OUI;2700;NON;NON;OUI;6;F;NON;NON;NON;NON;VINCENNES;
S. Roger;OUI;2700;NON;NON;OUI;4;F;NON;NON;NON;NON;VINCENNES;
W. Bigeon;OUI;2700;NON;NON;NON;4;F;NON;NON;OUI;NON;VINCENNES;
R. Metayer;OUI;2700;NON;NON;NON;4;F;NON;NON;NON;NON;VINCENNES;
A. Barrier;NON;2700;NON;NON;OUI;4;F;NON;NON;NON;NON;VINCENNES;
P.Y. Verva;NON;2700;NON;NON;NON;4;F;NON;NON;NON;NON;VINCENNES;
M. Mottier;OUI;2100;NON;OUI;OUI;4;F;OUI;NON;OUI;NON;VINCENNES;
L. Baudron;OUI;2100;NON;OUI;NON;4;M;NON;NON;OUI;NON;VINCENNES;
E. Lambertz;OUI;2100;OUI;OUI;OUI;4;M;NON;NON;NON;NON;VINCENNES;
Johnny Takter;NON;2100;NON;OUI;NON;4;M;NON;NON;NON;NON;VINCENNES;
E. Raffin;NON;2100;OUI;OUI;OUI;4;M;NON;NON;NON;NON;VINCENNES;
Ch.J. Bigeon;OUI;2700;NON;NON;NON;6;F;NON;NON;OUI;NON;VINCENNES;
E. Raffin;NON;2700;NON;NON;OUI;6;F;NON;NON;OUI;NON;VINCENNES;
F. Nivard;NON;2700;NON;NON;NON;6;F;NON;NON;OUI;NON;VINCENNES;
D. Brohier;OUI;2700;NON;NON;OUI;6;F;NON;NON;NON;NON;VINCENNES;
P.Y. Verva;NON;2700;NON;NON;OUI;6;F;NON;NON;NON;NON;VINCENNES;
F. Nivard;NON;2850;OUI;NON;OUI;6;H;NON;OUI;OUI;NON;VINCENNES;
J.L.Cl. Derso;OUI;2850;NON;NON;NON;6;H;NON;NON;NON;NON;VINCENNES;
F.P. Bossuet;OUI;2850;NON;NON;NON;6;H;OUI;NON;OUI;NON;VINCENNES;
P. Vercruysse;NON;2850;NON;NON;OUI;5;M;NON;NON;OUI;NON;VINCENNES;
J.Et. Dubois;OUI;2850;OUI;NON;NON;6;M;NON;NON;NON;NON;VINCENNES;
A. Abrivard;OUI;2700;NON;NON;OUI;6;F;NON;NON;OUI;NON;VINCENNES;
F. Nivard;NON;2700;NON;NON;OUI;6;F;NON;NON;OUI;NON;VINCENNES;
P. Vercruysse;NON;2700;NON;NON;NON;7;F;NON;NON;NON;NON;VINCENNES;
P. Levesque;NON;2700;NON;NON;OUI;6;F;NON;NON;OUI;NON;VINCENNES;
M. Abrivard;OUI;2700;NON;NON;NON;6;F;NON;NON;NON;NON;VINCENNES;
J.L.Cl. Derso;OUI;2850;NON;NON ;OUI;6;H;NON;NON;OUI;NON;VINCENNES;
Ch. Dreux;OUI;2850;NON;NON ;OUI;7;M;NON;NON;OUI;NON;VINCENNES;
F.P. Bossuet;OUI;2850;NON;NON ;NON;6;F;NON;NON;NON;NON;VINCENNES;
Ch. Martens;OUI;2850;NON;NON ;OUI;7;F;NON;NON;NON;NON;VINCENNES;
S. Ernault;NON;2850;OUI;NON ;OUI;8;H;OUI;NON;OUI;NON;VINCENNES;
J. Dubois;NON;2100;NON;OUI;NON;6;M;NON;NON;OUI;NON;VINCENNES;
A. Barrier;NON;2100;OUI;OUI;NON;6;F;NON;NON;NON;NON;VINCENNES;
F. Nivard;NON;2100;NON;OUI;OUI;8;M;NON;NON;OUI;NON;VINCENNES;
Ch.J. Bigeon;OUI;2100;NON;OUI;NON;6;M;NON;NON;NON;NON;VINCENNES;
E. Raffin;NON;2100;NON;OUI;OUI;8;F;NON;NON;NON;NON;VINCENNES;
Ch.J. Bigeon;OUI;2100;NON;OUI;OUI;6;F;NON;NON;OUI;NON;VINCENNES;
E. Raffin;NON;2100;NON;OUI;OUI;6;F;OUI;NON;OUI;NON;VINCENNES;
J.M. Bazire;NON;2100;NON;OUI;OUI;6;F;NON;NON;OUI;NON;VINCENNES;
T. Le Beller;NON;2100;NON;OUI;OUI;6;F;NON;NON;NON;NON;VINCENNES;
D. Locqueneux;NON;2100;NON;OUI;NON;6;F;NON;NON;NON;NON;VINCENNES;
J.L.Cl. Derso;NON;2700;NON;NON;NON;7;H;NON;NON;NON;NON;VINCENNES;
S. Baude;OUI;2700;NON;NON;OUI;7;H;NON;NON;OUI;NON;VINCENNES;
A. Barrier;NON;2700;NON;NON;OUI;8;M;NON;NON;NON;NON;VINCENNES;
D. Bonne;NON;2700;NON;NON;OUI;8;M;NON;NON;OUI;NON;VINCENNES;
J. Dubois;NON;2700;NON;NON;OUI;8;M;NON;NON;NON;NON;VINCENNES;
d. locqueneux;NON;2850;NON;NON;NON;6;H;NON;NON;OUI;NON;VINCENNES;
d. thomain;NON;2850;NON;NON;OUI;6;M;NON;NON;OUI;NON;VINCENNES;
e. raffin;NON;2850;NON;NON ;OUI;8;H;NON;NON;OUI;NON;VINCENNES;
d. dauverne;OUI;2850;NON;NON;OUI;6;H;NON;NON;OUI;NON;VINCENNES;
p. vercruysse;NON;2850;NON;NON;OUI;6;H;NON;NON;NON;NON;VINCENNES;
f. nivard;NON;2100;NON;OUI;OUI;7;M;NON;NON;OUI;NON;VINCENNES;
f.p. bossuet;OUI;2100;OUI;OUI;NON;7;H;OUI;NON;OUI;NON;VINCENNES;
l. baudron;OUI;2100;OUI;OUI;OUI;7;M;NON;NON;OUI;NON;VINCENNES;
d. bonne;NON;2100;OUI;OUI;NON;7;F;NON;NON;OUI;NON;VINCENNES;
s. desmarres;OUI;2100;NON;OUI;NON;9;H;NON;NON;OUI;NON;VINCENNES;
f. nivard;NON;2100;OUI;OUI;OUI;7;H;OUI;OUI;OUI;NON;VINCENNES;
j. verbeeck;NON;2100;NON;OUI;NON;8;M;NON;NON;OUI;NON;VINCENNES;
ch. bigeon;OUI;2100;OUI;OUI;NON;6;M;NON;NON;NON;NON;VINCENNES;
th. duvaldest;OUI;2100;NON;OUI;NON;8;H;NON;NON;OUI;NON;VINCENNES;
j.l.cl. derso;OUI;2100;NON;OUI;NON;9;H;NON;NON;OUI;NON;VINCENNES;
a. barrier;NON;2850;NON;NON;OUI;7;F;NON;NON;OUI;NON;VINCENNES;
j. verbeeck;NON;2850;OUI;NON;OUI;7;F;NON;NON;OUI;NON;VINCENNES;
t. le beller;NON;2850;OUI;NON;NON;7;F;NON;NON;OUI;NON;VINCENNES;
j.m. bazire;NON;2850;OUI;NON;OUI;8;F;NON;NON;NON;NON;VINCENNES;
ch. bigeon;OUI;2850;NON;NON;NON;7;F;NON;NON;NON;NON;VINCENNES;
f. nivard;NON;2850;OUI;NON;OUI;7;H;NON;NON;OUI;NON;VINCENNES;
f. lecanu;NON;2850;OUI;NON;OUI;7;H;NON;NON;OUI;NON;VINCENNES;
j.ph. mary;OUI;2850;NON;NON;OUI;7;H;OUI;NON;OUI;NON;VINCENNES;
a. barrier;NON;2850;NON;NON;OUI;7;H;NON;NON;OUI;NON;VINCENNES;
j.ph. monclin;OUI;2850;NON;NON;OUI;8;H;NON;NON;OUI;NON;VINCENNES;
j.et. dubois;OUI;2700;NON;NON;OUI;4;F;NON;NON;OUI;NON;VINCENNES;
p. vercruysse;NON;2700;NON;NON;NON;4;F;NON;NON;NON;NON;VINCENNES;
e. raffin;NON;2700;NON;NON;NON;4;F;NON;NON;OUI;NON;VINCENNES;
f. nivard;NON;2700;NON;NON;NON;4;F;NON;NON;OUI;NON;VINCENNES;
g.a. pou pou;NON;2700;NON;NON;NON;4;F;NON;NON;OUI;NON;VINCENNES;
f. ouvrie;NON;2700;NON;NON;NON;6;H;NON;NON;OUI;NON;VINCENNES;
d. thomain;OUI;2700;NON;NON;NON;6;H;NON;NON;OUI;NON;VINCENNES;
l. guinoiseau;NON;2700;NON;NON;OUI;6;H;NON;NON;OUI;NON;VINCENNES;
e. raffin;NON;2700;NON;NON;OUI;6;H;NON;NON;OUI;NON;VINCENNES;
p. vercruysse;NON;2700;NON;NON;NON;6;H;NON;NON;NON;OUI;VINCENNES;
P. Vercruysse;NON;2850;NON;NON;OUI;9;M;NON;NON;OUI;NON;VINCENNES;
Ph. Daugeard;OUI;2850;NON;NON;NON;6;M;NON;NON;OUI;NON;VINCENNES;
Th. Duvaldest;OUI;2850;NON;NON;OUI;8;M;NON;NON;OUI;NON;VINCENNES;
J.M. Bazire;NON;2850;OUI;NON;NON;8;F;NON;NON;NON;OUI;VINCENNES;
E. Raffin;NON;2850;NON;NON;NON;9;F;NON;NON;OUI;NON;VINCENNES;
E. Raffin;NON;2700;NON;NON;NON;6;M;NON;NON;OUI;NON;VINCENNES;
F. Ouvrie;NON;2700;NON;NON;OUI;7;H;NON;NON;OUI;NON;VINCENNES;
J. Verbeeck;NON;2700;NON;NON;OUI;6;H;NON;NON;OUI;NON;VINCENNES;
B. Piton;NON;2700;NON;NON;OUI;6;M;NON;NON;OUI;NON;VINCENNES;
D. Thomain;NON;2700;NON;NON;OUI;6;M;NON;NON;NON;NON;VINCENNES;
A. Thomas;OUI;2700;NON;NON;OUI;6;F;NON;NON;OUI;NON;VINCENNES;
M. Abrivard;NON;2700;NON;NON;OUI;6;F;NON;NON;OUI;NON;VINCENNES;
J.M. Bazire;NON;2700;NON;NON;OUI;6;F;NON;NON;OUI;NON;VINCENNES;
F. Ouvrie;NON;2700;NON;NON;OUI;6;F;NON;NON;OUI;NON;VINCENNES;
E. Raffin;NON;2700;NON;NON;OUI;6;F;NON;NON;OUI;NON;VINCENNES;
F. Ouvrie;NON;2850;OUI;NON;OUI;8;H;NON;NON;OUI;NON;VINCENNES;
J.M. Bazire;OUI;2850;NON;NON;OUI;7;F;NON;NON;OUI;NON;VINCENNES;
J.Cl. Hallais;OUI;2850;NON;NON;NON;8;F;NON;NON;NON;NON;VINCENNES;
Ph. Daugeard;OUI;2850;NON;NON;OUI;8;F;OUI;NON;OUI;NON;VINCENNES;
P. Levesque;NON;2850;NON;NON;OUI;9;F;NON;NON;NON;NON;VINCENNES;
E. Raffin;NON;2700;NON;NON;OUI;9;F;NON;NON;NON;NON;VINCENNES;
Ch.J. Bigeon;OUI;2700;NON;NON;NON;7;M;NON;NON;OUI;NON;VINCENNES;
Y. Lebourgeoi;NON;2700;NON;NON;OUI;8;M;NON;NON;NON;NON;VINCENNES;
J.L.Cl. Derso;NON;2700;NON;NON;OUI;7;F;NON;NON;NON;NON;VINCENNES;
M. Abrivard;NON;2700;NON;NON;OUI;7;M;NON;NON;NON;NON;VINCENNES;
J. Niskanen;OUI;2700;NON;NON;OUI;7;H;NON;NON;NON;NON;VINCENNES;
J.Ph. Mary;OUI;2700;NON;NON;OUI;7;H;NON;NON;NON;NON;VINCENNES;
J. Verbeeck;NON;2700;NON;NON;NON;7;F;NON;NON;NON;NON;VINCENNES;
P. Vercruysse;NON;2700;NON;NON;OUI;8;H;NON;NON;NON;OUI;VINCENNES;
E. Raffin;NON;2700;NON;NON;OUI;7;F;NON;NON;OUI;NON;VINCENNES;
L. Kolgjini;OUI;2850;NON;NON;OUI;6;M;NON;NON;OUI;NON;VINCENNES;
E. Raffin;NON;2850;NON;NON;OUI;6;H;NON;NON;OUI;NON;VINCENNES;
A. Barrier;NON;2850;NON;NON;OUI;6;H;NON;NON;NON;NON;VINCENNES;
P. Levesque;NON;2850;OUI;NON;NON;6;M;NON;NON;NON;NON;VINCENNES;
R. Vecchione;NON;2850;NON;NON;OUI;6;M;NON;NON;NON;NON;VINCENNES;
O. Kihlstrom;NON;2700;NON;NON;OUI;9;M;NON;NON;NON;NON;VINCENNES;
J.M. Bazire;NON;2700;NON;NON;OUI;6;M;NON;NON;OUI;NON;VINCENNES;
P. Vercruysse;NON;2700;NON;NON;OUI;9;M;NON;NON;NON;NON;VINCENNES;
E. Raffin;NON;2700;NON;NON;OUI;9;F;NON;NON;NON;NON;VINCENNES;
J. Verbeeck;NON;2700;NON;NON;OUI;7;M;NON;NON;NON;NON;VINCENNES;
A. Guzzinati;NON;2700;NON;NON;OUI;7;F;NON;NON;OUI;NON;VINCENNES;
E. Raffin;NON;2700;NON;NON;NON;7;F;OUI;NON;NON;NON;VINCENNES;
J. Chavatte;NON;2700;NON;NON;OUI;7;F;NON;NON;NON;OUI;VINCENNES;
F. Ouvrie;NON;2700;NON;NON;OUI;7;F;NON;NON;NON;NON;VINCENNES;
J.M. Bazire;NON;2700;NON;NON;NON;7;F;OUI;NON;NON;NON;VINCENNES;
D. Thomain;NON;2700;NON;NON;OUI;5;F;NON;NON;NON;NON;VINCENNES;
J.M. Bazire;OUI;2700;NON;NON;OUI;5;F;NON;NON;OUI;NON;VINCENNES;
T. Le Beller;NON;2700;NON;NON;OUI;5;F;NON;NON;OUI;NON;VINCENNES;
M. Abrivard;OUI;2700;NON;NON;NON;5;F;NON;NON;NON;NON;VINCENNES;
H. Hardy;OUI;2700;NON;NON;NON;5;F;NON;NON;OUI;NON;VINCENNES;
F. Nivard;NON;2850;NON;NON;OUI;7;H;NON;NON;OUI;NON;VINCENNES;
J.W. Hallais;OUI;2850;OUI;NON;NON;8;F;NON;NON;NON;NON;VINCENNES;
M. Abrivard;NON;2850;OUI;NON;NON;8;H;NON;NON;NON;NON;VINCENNES;
Ph. Daugeard;OUI;2850;OUI;NON;NON;8;F;NON;NON;NON;NON;VINCENNES;
J.M. Bazire;OUI;2850;OUI;NON;OUI;7;F;NON;NON;OUI;NON;VINCENNES;
E. Raffin;NON;2850;NON;NON;OUI;8;H;NON;NON;NON;NON;VINCENNES;
M. Bezier;OUI;2850;NON;NON;OUI;7;H;NON;NON;NON;NON;VINCENNES;
J.M. Bazire;NON;2850;OUI;NON;OUI;8;H;NON;NON;NON;NON;VINCENNES;
M.G. Baron;OUI;2850;NON;NON;NON;8;H;NON;NON;NON;OUI;VINCENNES;
T. Le Beller;NON;2850;NON;NON;OUI;8;H;NON;NON;NON;NON;VINCENNES;
P. Vercruysse;NON;2850;NON;NON;OUI;7;H;NON;NON;NON;NON;VINCENNES;
F. Ouvrie;NON;2850;OUI;NON;NON;7;H;NON;NON;NON;NON;VINCENNES;
M. Abrivard;NON;2850;OUI;NON;NON;7;F;NON;NON;OUI;NON;VINCENNES;
Ch. Martens;OUI;2850;NON;NON;OUI;6;H;NON;NON;OUI;NON;VINCENNES;
F. Nivard;NON;2850;OUI;NON;NON;7;F;NON;NON;NON;NON;VINCENNES;
E. Raffin;NON;2700;NON;NON;NON;7;H;NON;NON;NON;NON;VINCENNES;
G. Donio;OUI;2700;NON;NON;NON;7;H;NON;NON;NON;NON;VINCENNES;
P. Levesque;NON;2700;NON;NON;OUI;7;H;NON;NON;NON;NON;VINCENNES;
D. Locqueneux;NON;2700;NON;NON;OUI;7;H;NON;NON;OUI;NON;VINCENNES;
F. Ouvrie;NON;2700;NON;NON;OUI;7;H;NON;NON;NON;NON;VINCENNES;
D. Thomain;NON;2100;OUI;OUI;NON;6;M;NON;NON;NON;NON;VINCENNES;
B. Piton;NON;2100;NON;OUI;OUI;7;M;NON;NON;NON;NON;VINCENNES;
J.L.Cl. Derso;OUI;2100;NON;OUI;NON;6;M;NON;NON;OUI;NON;VINCENNES;
M. Mottier;NON;2100;OUI;OUI;NON;8;H;NON;NON;NON;NON;VINCENNES;
F. Nivard;NON;2100;OUI;OUI;OUI;8;F;NON;NON;NON;NON;VINCENNES;
F. Anne;OUI;2175;NON;NON;OUI;5;F;NON;NON;NON;NON;VINCENNES;
L. Baudron;OUI;2175;NON;NON;NON;5;M;NON;NON;OUI;NON;VINCENNES;
J. Verbeeck;NON;2175;NON;NON;NON;5;M;NON;NON;NON;NON;VINCENNES;
E. Lambertz;OUI;2175;NON;NON;OUI;5;M;NON;NON;OUI;NON;VINCENNES;
M. Mottier;OUI;2175;NON;NON;OUI;5;F;NON;NON;OUI;NON;VINCENNES;
F. Nivard;NON;2100;OUI;OUI;OUI;7;M;NON;NON;NON;NON;VINCENNES;
D. Thomain;NON;2100;NON;OUI;OUI;6;F;NON;NON;NON;NON;VINCENNES;
J.L.Cl. Derso;OUI;2100;OUI;OUI;NON;7;H;NON;NON;NON;NON;VINCENNES;
J.M. Bazire;NON;2100;NON;OUI;OUI;8;H;NON;NON;NON;NON;VINCENNES;
J.Et. Dubois;OUI;2100;NON;OUI;OUI;7;H;NON;NON;OUI;NON;VINCENNES;
B. Goop;NON;2100;NON;OUI;OUI;9;M;NON;NON;NON;NON;VINCENNES;
Ph. Daugeard;OUI;2100;OUI;OUI;OUI;6;M;NON;NON;NON;NON;VINCENNES;
Ch. Bigeon;OUI;2100;NON;OUI;NON;7;M;NON;NON;NON;NON;VINCENNES;
P. Vercruysse;NON;2100;NON;OUI;OUI;9;M;NON;NON;NON;NON;VINCENNES;
C. Megissier;OUI;2100;OUI;OUI;NON;9;M;NON;NON;NON;NON;VINCENNES;
E. Adielsson;NON;2100;NON;OUI;NON;8;F;NON;NON;NON;NON;VINCENNES;
F. Nivard;NON;2100;NON;OUI;NON;7;F;NON;NON;OUI;NON;VINCENNES;
T. De GenOUIl;NON;2100;OUI;OUI;OUI;7;F;NON;NON;NON;NON;VINCENNES;
Th. Viet;NON;2100;OUI;OUI;OUI;7;F;NON;NON;NON;NON;VINCENNES;
E. Raffin;NON;2100;OUI;OUI;OUI;7;F;NON;NON;OUI;NON;VINCENNES;
A. Barrier;NON;2100;NON;OUI;OUI;7;H;NON;NON;OUI;NON;VINCENNES;
P. Levesque;NON;2100;OUI;OUI;OUI;7;H;NON;NON;OUI;NON;VINCENNES;
P. Vercruysse ;NON;2100;NON;OUI;OUI;7;H;NON;NON;NON;NON;VINCENNES;
D. Thomain;NON;2100;NON;OUI;NON;7;H;NON;NON;NON;NON;VINCENNES;
M. Bezier;OUI;2100;NON;OUI;OUI;7;H;NON;NON;NON;NON;VINCENNES;
Mme C. Hallai;NON;2850;NON;NON;OUI;6;M;NON;NON;NON;NON;VINCENNES;
F. Nivard;NON;2850;NON;NON;OUI;6;M;NON;NON;OUI;NON;VINCENNES;
M. Lenoir;NON;2850;OUI;NON;NON;6;H;NON;NON;NON;NON;VINCENNES;
Y. Lebourgeoi;NON;2850;NON;NON;NON;5;M;NON;NON;NON;NON;VINCENNES;
Y. Gerard;NON;2850;NON;NON;OUI;6;H;NON;NON;NON;NON;VINCENNES;
J.Et. Dubois;OUI;2700;NON;NON;OUI;4;M;NON;NON;OUI;NON;VINCENNES;
H. Langeweg J ;NON;2700;NON;NON;OUI;4;M;NON;NON;NON;NON;VINCENNES;
J. Bruneau;OUI;2700;NON;NON;NON;4;M;NON;NON;NON;OUI;VINCENNES;
B. Robin;NON;2700;NON;NON;NON;4;H;NON;NON;NON;NON;VINCENNES;
E. Allard;OUI;2700;NON;NON;OUI;4;M;NON;NON;NON;NON;VINCENNES;
J.M. Bazire;NON;2700;NON;NON;OUI;5;F;NON;NON;OUI;NON;VINCENNES;
P. Vercruysse;NON;2700;NON;NON;NON;5;F;NON;NON;NON;NON;VINCENNES;
A. Barrier;NON;2700;NON;NON;OUI;5;F;NON;NON;NON;NON;VINCENNES;
T. Le Beller;NON;2700;NON;NON;OUI;5;F;NON;NON;NON;NON;VINCENNES;
P.Y. Verva;OUI;2700;NON;NON;OUI;5;F;NON;NON;NON;NON;VINCENNES;
N. Roussel;NON;2700;NON;NON;OUI;5;M;NON;NON;NON;NON;VINCENNES;
P. Gubellini;OUI;2700;NON;NON;NON;5;M;NON;NON;NON;OUI;VINCENNES;
F. Ouvrie;NON;2700;NON;NON;OUI;5;M;NON;NON;NON;NON;VINCENNES;
F. Blandin;OUI;2700;NON;NON;OUI;5;M;NON;NON;NON;NON;VINCENNES;
M. Nimczyk;OUI;2700;NON;NON;NON;5;M;NON;OUI;NON;NON;VINCENNES;
D. Thomain;NON;2100;OUI;OUI;OUI;6;F;NON;NON;NON;NON;VINCENNES;
E. Adielsson;NON;2100;OUI;OUI;OUI;6;H;NON;NON;NON;NON;VINCENNES;
A. Barrier;NON;2100;NON;OUI;NON;7;F;NON;NON;OUI;NON;VINCENNES;
M. Abrivard;NON;2100;OUI;OUI;OUI;9;H;NON;NON;NON;NON;VINCENNES;
S. Ernault;NON;2100;NON;OUI;OUI;9;H;NON;NON;NON;NON;VINCENNES;
J.M. Bazire;NON;4150;NON;NON;OUI;6;M;NON;NON;OUI;NON;VINCENNES;
Ch. Bigeon;OUI;4150;NON;NON;NON;7;M;NON;NON;NON;NON;VINCENNES;
E. Raffin;NON;4150;NON;NON;OUI;9;F;NON;NON;OUI;NON;VINCENNES;
T. Le Beller;NON;4150;NON;NON;OUI;7;F;NON;NON;NON;NON;VINCENNES;
D. Locqueneux;NON;4150;NON;NON;OUI;8;M;NON;NON;NON;NON;VINCENNES;
M. Smorgon;OUI;2100;NON;OUI;NON;6;M;NON;NON;OUI;NON;VINCENNES;
F. Ouvrie;OUI;2100;OUI;OUI;OUI;7;F;NON;NON;NON;NON;VINCENNES;
M. Abrivard;NON;2100;OUI;OUI;OUI;7;F;NON;NON;NON;NON;VINCENNES;
J.M. Bazire;OUI;2100;NON;OUI;OUI;6;F;NON;NON;OUI;NON;VINCENNES;
D. Bonne;NON;2100;NON;OUI;OUI;9;M;NON;NON;NON;NON;VINCENNES;
E. Raffin;NON;2175;NON;NON;OUI;4;M;NON;NON;OUI;NON;VINCENNES;
C. Megissier;OUI;2175;OUI;NON;OUI;6;M;NON;NON;OUI;NON;VINCENNES;
M. Abrivard;OUI;2175;NON;NON;OUI;4;M;NON;NON;NON;NON;VINCENNES;
L. Baudron;OUI;2175;OUI;NON;NON;5;M;NON;NON;NON;NON;VINCENNES;
Ph. Daugeard;OUI;2175;OUI;NON;NON;6;M;NON;NON;OUI;NON;VINCENNES;
A. Wiels;NON;2850;NON;NON;NON;6;F;NON;NON;NON;NON;VINCENNES;
Ch. Martens;NON;2850;OUI;NON;OUI;7;F;NON;NON;NON;NON;VINCENNES;
A. Barrier;NON;2850;OUI;NON;NON;7;F;NON;NON;NON;NON;VINCENNES;
J.Ph. Mary;OUI;2850;OUI;NON;OUI;7;F;NON;NON;NON;NON;VINCENNES;
F. Nivard;NON;2850;OUI;NON;NON;7;F;NON;NON;OUI;NON;VINCENNES;
F. Nivard;NON;2700;NON;NON;OUI;7;H;NON;NON;OUI;NON;VINCENNES;
Ch. Martens;OUI;2700;NON;NON;OUI;6;M;NON;NON;OUI;NON;VINCENNES;
S. Baude ;OUI;2700;NON;NON;OUI;8;H;NON;NON;NON;NON;VINCENNES;
E. Raffin;NON;2700;NON;NON;NON;8;F;NON;NON;NON;OUI;VINCENNES;
M. Smorgon;OUI;2700;NON;NON;NON;6;M;NON;NON;OUI;NON;VINCENNES;
P. Levesque;NON;2100;OUI;OUI;OUI;7;H;NON;NON;NON;NON;VINCENNES;
Ch. Martens;OUI;2100;NON;OUI;NON;8;F;NON;NON;NON;NON;VINCENNES;
Rik Depuydt;NON;2100;NON;OUI;OUI;7;H;OUI;NON;OUI;NON;VINCENNES;
J.M. Bazire;NON;2100;NON;OUI;OUI;8;H;NON;NON;OUI;NON;VINCENNES;
D. Thomain;NON;2100;OUI;OUI;OUI;7;M;NON;NON;NON;NON;VINCENNES;
J.M. Bazire;NON;2850;NON;NON;OUI;6;M;NON;NON;NON;NON;VINCENNES;
M. Abrivard;NON;2850;NON;NON;OUI;9;F;NON;NON;NON;NON;VINCENNES;
J.Ph. Mary;OUI;2850;NON;NON;OUI;7;H;NON;NON;NON;NON;VINCENNES;
T. Le Beller;NON;2850;NON;NON;OUI;7;M;NON;NON;OUI;NON;VINCENNES;
A. Abrivard;NON;2850;NON;NON;OUI;7;H;NON;NON;NON;NON;VINCENNES;
Ch. Martens;OUI;2700;NON;NON;OUI;6;M;NON;NON;OUI;NON;VINCENNES;
P. Vercruysse;NON;2700;NON;NON;NON;6;M;NON;NON;NON;NON;VINCENNES;
P. Levesque;NON;2700;NON;NON;NON;9;F;NON;NON;OUI;NON;VINCENNES;
A. Guzzinati;NON;2700;NON;NON;OUI;8;M;NON;NON;NON;NON;VINCENNES;
J.Et. Dubois;OUI;2700;NON;NON;OUI;7;M;NON;NON;NON;NON;VINCENNES;
D. Bonne;OUI;2850;NON;NON;OUI;7;H;NON;NON;OUI;NON;VINCENNES;
J.M. Bazire;OUI;2850;NON;NON;OUI;7;H;NON;NON;OUI;NON;VINCENNES;
F. Nivard;OUI;2850;NON;NON;NON;7;F;OUI;NON;NON;NON;VINCENNES;
M. Abrivard;NON;2850;NON;NON;OUI;8;F;NON;NON;NON;NON;VINCENNES;
A. Barrier;NON;2850;NON;NON;OUI;7;H;NON;NON;OUI;NON;VINCENNES;
Ch. Martens;OUI;2100;OUI;OUI;NON;8;F;NON;NON;OUI;NON;VINCENNES;
E. Raffin;NON;2100;NON;OUI;OUI;8;M;NON;NON;OUI;NON;VINCENNES;
F. Ouvrie;OUI;2100;NON;OUI;NON;8;H;NON;NON;NON;NON;VINCENNES;
T. Korvenoja ;NON;2100;OUI;OUI;OUI;7;M;NON;NON;NON;NON;VINCENNES;
J.M. Bazire;NON;2100;NON;OUI;OUI;7;F;NON;NON;OUI;NON;VINCENNES;
P. Vercruysse;NON;2850;NON;NON;OUI;6;M;NON;NON;OUI;NON;VINCENNES;
E. Raffin;NON;2850;NON;NON;NON;6;M;NON;NON;NON;NON;VINCENNES;
A. Barrier;NON;2850;NON;NON;NON;7;F;NON;NON;NON;NON;VINCENNES;
L. Koubiche;OUI;2850;NON;NON;NON;6;M;NON;NON;NON;NON;VINCENNES;
J.M. Bazire;NON;2850;NON;NON;NON;6;H;NON;NON;OUI;NON;VINCENNES;
J.M. Bazire;OUI;2850;NON;NON;OUI;6;M;NON;NON;OUI;NON;VINCENNES;
M. Abrivard;NON;2850;OUI;NON;OUI;7;H;NON;NON;NON;NON;VINCENNES;
D. Bonne;OUI;2850;OUI;NON;OUI;7;H;NON;NON;OUI;NON;VINCENNES;
E. Raffin;NON;2850;OUI;NON;NON;6;M;NON;NON;NON;NON;VINCENNES;
A. Abrivard;NON;2850;NON;NON;OUI;7;H;NON;NON;NON;NON;VINCENNES;
J.Ph. Mary;OUI;2100;NON;OUI;OUI;7;H;NON;NON;NON;NON;VINCENNES;
A. Barrier;NON;2100;OUI;OUI;OUI;6;M;NON;NON;OUI;NON;VINCENNES;
E. Raffin;NON;2100;NON;OUI;NON;6;H;NON;NON;OUI;NON;VINCENNES;
B. Goop;NON;2100;NON;OUI;OUI;9;H;NON;NON;NON;NON;VINCENNES;
J.F. Senet;NON;2100;OUI;OUI;OUI;7;H;NON;NON;NON;OUI;VINCENNES;
F. Anne;OUI;2850;NON;NON;OUI;4;M;NON;NON;NON;NON;VINCENNES;
E. Raffin;NON;2850;NON;NON;OUI;4;M;NON;NON;OUI;NON;VINCENNES;
J. Van Eeckha;OUI;2850;NON;NON;NON;4;M;NON;NON;NON;NON;VINCENNES;
J. Verbeeck;NON;2850;NON;NON;OUI;4;F;NON;NON;NON;NON;VINCENNES;
J.Et. Dubois;OUI;2850;NON;NON;OUI;4;F;NON;NON;OUI;NON;VINCENNES;
Ch.J. Bigeon;OUI;2100;NON;OUI;OUI;7;F;NON;OUI;OUI;NON;VINCENNES;
Ch. Martens;OUI;2100;NON;OUI;OUI;7;F;NON;NON;OUI;NON;VINCENNES;
M. Mottier;NON;2100;NON;OUI;NON;8;H;NON;NON;NON;NON;VINCENNES;
E. Raffin;NON;2100;OUI;OUI;OUI;7;M;NON;NON;NON;NON;VINCENNES;
P. Levesque;NON;2100;OUI;OUI;OUI;8;H;NON;NON;NON;NON;VINCENNES;
Ch. Martens;OUI;2700;NON;NON;OUI;6;M;NON;NON;OUI;NON;VINCENNES;
M. Smorgon;OUI;2700;NON;NON;NON;6;M;NON;NON;NON;NON;VINCENNES;
F. Nivard;NON;2700;NON;NON;OUI;7;M;NON;NON;OUI;NON;VINCENNES;
E. Raffin;NON;2700;NON;NON;OUI;7;M;NON;NON;NON;NON;VINCENNES;
J.Et. Dubois;OUI;2700;NON;NON;NON;6;M;NON;NON;NON;NON;VINCENNES;
J.M. Bazire;OUI;2100;OUI;OUI;OUI;6;M;OUI;OUI;OUI;NON;VINCENNES;
L. Koubiche;OUI;2100;OUI;OUI;NON;6;M;NON;NON;OUI;NON;VINCENNES;
J.Ph. Mary ;OUI;2100;NON;OUI;OUI;7;H;NON;NON;OUI;NON;VINCENNES;
P. Vercruysse;NON;2100;NON;OUI;OUI;8;H;NON;NON;NON;NON;VINCENNES;
M. Abrivard;OUI;2100;OUI;OUI;OUI;7;H;NON;NON;NON;NON;VINCENNES;
J.P. Fichaux;OUI;2700;NON;NON;NON;5;M;NON;NON;NON;NON;VINCENNES;
J.M. Bazire;NON;2700;NON;NON;OUI;5;H;NON;NON;OUI;NON;VINCENNES;
S. Carro;NON;2700;NON;NON;OUI;5;M;NON;NON;NON;NON;VINCENNES;
P.Y. Verva;NON;2700;NON;NON;OUI;5;M;NON;NON;NON;NON;VINCENNES;
E. Raffin;NON;2700;NON;NON;OUI;5;M;NON;NON;OUI;NON;VINCENNES;
P. Levesque;NON;2700;NON;NON;OUI;7;M;NON;NON;OUI;NON;VINCENNES;
R. Derieux;OUI;2700;NON;NON;NON;6;M;NON;NON;OUI;NON;VINCENNES;
D. Thomain;OUI;2700;NON;NON;OUI;7;H;NON;NON;NON;NON;VINCENNES;
J.M. Bazire;NON;2700;NON;NON;NON;8;F;NON;NON;NON;NON;VINCENNES;
A. Abrivard;OUI;2700;NON;NON;OUI;6;M;NON;NON;NON;NON;VINCENNES;
S. Ernault;OUI;2700;NON;NON;NON;5;M;NON;NON;OUI;NON;VINCENNES;
M. Abrivard;NON;2700;NON;NON;OUI;5;F;NON;NON;NON;NON;VINCENNES;
B. Piton;NON;2700;NON;NON;NON;5;M;NON;NON;NON;NON;VINCENNES;
D. Locqueneux ;NON;2700;NON;NON;OUI;5;M;NON;NON;OUI;NON;VINCENNES;
S. Carro;OUI;2700;NON;NON;NON;5;M;NON;NON;NON;NON;VINCENNES;
E. Raffin;NON;2850;OUI;NON;OUI;7;M;NON;NON;OUI;NON;VINCENNES;
D. Locqueneux ;NON;2850;NON;NON;OUI;6;F;NON;NON;NON;NON;VINCENNES;
J.M. Bazire;NON;2850;OUI;NON;OUI;7;H;NON;NON;OUI;NON;VINCENNES;
P. Vercruysse;NON;2850;OUI;NON;NON;7;H;NON;NON;NON;NON;VINCENNES;
A. Barrier;NON;2850;NON;NON;NON;8;M;NON;NON;NON;NON;VINCENNES;
J.M. Bazire;OUI;2700;NON;NON;OUI;7;H;NON;NON;OUI;NON;VINCENNES;
A. Abrivard;OUI;2700;NON;NON;OUI;7;F;NON;NON;OUI;NON;VINCENNES;
P. Vercruysse;NON;2700;NON;NON;OUI;8;M;NON;NON;NON;NON;VINCENNES;
J. Niskanen;OUI;2700;NON;NON;OUI;9;H;NON;NON;NON;OUI;VINCENNES;
R. Derieux;OUI;2700;NON;NON;NON;7;H;NON;NON;NON;NON;VINCENNES;
F. Anne;OUI;2700;NON;NON;NON;6;H;OUI;NON;OUI;NON;VINCENNES;
F. Ouvrie;NON;2700;NON;NON;NON;6;H;NON;NON;NON;NON;VINCENNES;
R. Bakker;NON;2700;NON;NON;OUI;6;M;NON;NON;OUI;NON;VINCENNES;
F. Nivard;NON;2700;NON;NON;OUI;6;M;NON;NON;NON;NON;VINCENNES;
R. Andreghett;NON;2700;NON;NON;NON;6;M;OUI;NON;NON;NON;VINCENNES;
F. Nivard;NON;2100;NON;OUI;NON;6;M;NON;NON;OUI;NON;VINCENNES;
Ch. Bigeon;OUI;2100;NON;OUI;OUI;7;M;NON;NON;OUI;NON;VINCENNES;
M. Abrivard;NON;2100;NON;OUI;OUI;9;M;NON;NON;NON;NON;VINCENNES;
D. Bonne;NON;2100;NON;OUI;NON;8;M;NON;NON;NON;OUI;VINCENNES;
J.Et. Dubois;OUI;2100;OUI;OUI;OUI;5;M;NON;NON;NON;NON;VINCENNES;
M. Nimczyk;OUI;2100;OUI;OUI;NON;5;M;OUI;NON;NON;NON;VINCENNES;
P. Vercruysse;NON;2100;NON;OUI;NON;4;M;OUI;NON;OUI;NON;VINCENNES;
M. Lenoir;OUI;2100;NON;OUI;OUI;5;M;NON;NON;NON;NON;VINCENNES;
E. Raffin;NON;2100;NON;OUI;NON;5;H;NON;NON;NON;NON;VINCENNES;
A.A. Chavatte;OUI;2100;NON;OUI;NON;5;M;NON;NON;NON;NON;VINCENNES;
Ch.J. Bigeon;OUI;2700;NON;NON;OUI;7;M;NON;NON;OUI;NON;VINCENNES;
J.M. Bazire;NON;2700;NON;NON;OUI;7;H;NON;NON;OUI;NON;VINCENNES;
D. Locqueneux ;NON;2700;NON;NON;OUI;7;H;NON;NON;NON;NON;VINCENNES;
A. Abrivard;OUI;2700;NON;NON;OUI;7;F;NON;NON;OUI;NON;VINCENNES;
P. Levesque;NON;2700;NON;NON;OUI;8;H;NON;NON;NON;NON;VINCENNES;
A. Wiels;NON;2850;OUI;NON;NON;7;F;NON;NON;NON;NON;VINCENNES;
M. Mottier;NON;2850;OUI;NON;OUI;8;H;NON;NON;NON;NON;VINCENNES;
A. Barrier;NON;2850;OUI;NON;OUI;8;F;NON;NON;NON;NON;VINCENNES;
H. Sionneau;OUI;2850;NON;NON;OUI;6;H;OUI;NON;OUI;NON;VINCENNES;
P.Y. Verva;OUI;2850;NON;NON;OUI;7;H;NON;NON;NON;NON;VINCENNES;
E. Raffin;NON;3000;NON;NON;OUI;5;M;NON;NON;NON;NON;VINCENNES;
F. Nivard;OUI;3000;NON;NON;OUI;5;M;NON;NON;OUI;NON;VINCENNES;
E. Lambertz;OUI;3000;NON;NON;OUI;5;M;NON;NON;OUI;NON;VINCENNES;
P. Vercruysse ;NON;3000;NON;NON;OUI;5;M;OUI;NON;OUI;NON;VINCENNES;
M. Mottier;OUI;3000;NON;NON;OUI;5;F;NON;NON;OUI;NON;VINCENNES;
J.M. Bazire;OUI;2850;OUI;NON;NON;6;F;NON;NON;OUI;NON;VINCENNES;
J.Ph. Monclin;NON;2850;NON;NON;OUI;7;F;NON;NON;OUI;NON;VINCENNES;
F. Ouvrie;OUI;2850;NON;NON;OUI;6;F;NON;NON;NON;NON;VINCENNES;
Loic Groussar;OUI;2850;OUI;NON;OUI;6;F;NON;NON;NON;NON;VINCENNES;
M. Sassier;OUI;2850;OUI;NON;NON;6;F;NON;NON;NON;NON;VINCENNES;
Mlle J. Lindq;NON;2700;NON;NON;NON;8;F;NON;NON;NON;NON;VINCENNES;
J.M. Bazire;NON;2700;NON;NON;OUI;6;M;NON;NON;OUI;NON;VINCENNES;
M. Baroncini;OUI;2700;NON;NON;OUI;6;H;NON;NON;NON;NON;VINCENNES;
F. Ouvrie;NON;2700;NON;NON;OUI;9;H;NON;NON;NON;NON;VINCENNES;
Ch. Martens;OUI;2700;NON;NON;OUI;7;F;NON;OUI;OUI;NON;VINCENNES;
D. Bonne;OUI;2850;NON;NON;OUI;6;H;NON;NON;NON;NON;VINCENNES;
F. Nivard;NON;2850;NON;NON;OUI;6;H;NON;NON;OUI;NON;VINCENNES;
A. Duperche;NON;2850;NON;NON;OUI;7;H;NON;NON;NON;NON;VINCENNES;
J.M. Bazire;NON;2850;NON;NON;OUI;6;H;NON;NON;OUI;NON;VINCENNES;
D. Thomain;NON;2850;NON;NON;OUI;7;M;NON;NON;NON;NON;VINCENNES;
Ch.J. Bigeon;OUI;2700;NON;NON;OUI;7;M;NON;NON;OUI;NON;VINCENNES;
E. Raffin;NON;2700;NON;NON;OUI;7;M;NON;NON;OUI;NON;VINCENNES;
A. Wiels;NON;2700;NON;NON;NON;7;F;NON;NON;OUI;NON;VINCENNES;
D. Thomain;NON;2700;NON;NON;OUI;7;M;NON;NON;NON;NON;VINCENNES;
F. Nivard;NON;2700;NON;NON;OUI;10;H;NON;NON;NON;NON;VINCENNES;
E. Raffin;NON;2100;OUI;OUI;OUI;7;H;NON;NON;NON;NON;VINCENNES;
J.M. Bazire;NON;2100;NON;OUI;OUI;7;F;NON;NON;OUI;NON;VINCENNES;
Cedric Terry;NON;2100;NON;OUI;OUI;8;H;NON;NON;NON;NON;VINCENNES;
D. Ribemont;NON;2100;NON;OUI;OUI;9;H;NON;NON;NON;NON;VINCENNES;
D. Brohier;OUI;2100;NON;OUI;OUI;7;H;NON;NON;NON;NON;VINCENNES;
P. Vercruysse;OUI;2700;NON;NON;OUI;4;F;NON;NON;OUI;NON;VINCENNES;
A. Barrier;NON;2700;NON;NON;OUI;4;F;NON;NON;OUI;NON;VINCENNES;
A. Lamy;NON;2700;NON;NON;OUI;4;F;NON;NON;NON;NON;VINCENNES;
M. Abrivard;OUI;2700;NON;NON;NON;4;F;NON;NON;NON;NON;VINCENNES;
F. Ouvrie;NON;2700;NON;NON;NON;4;F;NON;NON;NON;NON;VINCENNES;
A. Thomas;OUI;2850;OUI;NON;NON;6;F;NON;NON;NON;NON;VINCENNES;
F.P. Bossuet;OUI;2850;OUI;NON;NON;6;F;NON;NON;OUI;NON;VINCENNES;
E. Raffin;NON;2850;NON;NON;OUI;7;F;NON;NON;NON;NON;VINCENNES;
B. Piton;NON;2850;NON;NON;OUI;7;F;NON;NON;NON;OUI;VINCENNES;
M. Fribault;NON;2850;OUI;NON;OUI;6;F;OUI;NON;NON;NON;VINCENNES;
E. Raffin;NON;2700;NON;NON;OUI;4;F;NON;NON;NON;NON;VINCENNES;
M. Abrivard;NON;2700;NON;NON;OUI;4;M;NON;NON;OUI;NON;VINCENNES;
D. Locqueneux;NON;2700;NON;NON;OUI;4;M;OUI;NON;OUI;NON;VINCENNES;
Ch. Martens;OUI;2700;NON;NON;OUI;4;M;NON;NON;NON;NON;VINCENNES;
Y. Lebourgeoi;NON;2700;NON;NON;OUI;4;M;NON;NON;NON;NON;VINCENNES;
F. Ouvrie;NON;2850;NON;NON;OUI;5;F;NON;NON;OUI;NON;VINCENNES;
A. Abrivard;OUI;2850;OUI;NON;OUI;5;F;NON;NON;OUI;NON;VINCENNES;
J.M. Bazire;NON;2850;OUI;NON;OUI;5;F;NON;NON;OUI;NON;VINCENNES;
Th. Viet;NON;2850;OUI;NON;NON;5;F;NON;NON;OUI;NON;VINCENNES;
S. Hardy;OUI;2850;NON;NON;OUI;5;F;NON;NON;NON;NON;VINCENNES;
E. Raffin;NON;2100;NON;OUI;OUI;7;M;OUI;OUI;OUI;NON;VINCENNES;
J.M. Bazire;OUI;2100;NON;OUI;OUI;6;M;NON;NON;OUI;NON;VINCENNES;
J. Bruneau;OUI;2100;NON;OUI;OUI;6;F;NON;NON;OUI;NON;VINCENNES;
D. Bonne;NON;2100;NON;OUI;OUI;6;M;NON;NON;OUI;NON;VINCENNES;
M. Mottier;NON;2100;OUI;OUI;OUI;8;H;NON;NON;NON;NON;VINCENNES;
