;Drivers;Entraineur;Distance;Recul/Ligne;Autostart;Déferré;AGE;Sexe;Parmi 5 premiers dernière 5 courses;Gagné 3 dernières courses;côte < 10/1;côte > 70/1;;
;S. Ernault ;;2700;NON;NON;NON;4;H;NON;NON;NON;NON;;
;P. Vercruysse;;2700;NON;NON;NON;4;M;NON;NON;NON;NON;;
;A. Chavatte;;2700;NON;NON;NON;4;M;NON;NON;NON;OUI;;
;A. Barrier;;2700;NON;NON;NON;4;H;NON;NON;OUI;NON;;
;J.M. Bazire;;2700;NON;NON;NON;4;H;NON;NON;OUI;NON;;
;D. Thomain;;2700;NON;NON;NON;5;H;NON;NON;OUI;NON;;
;N. Roussel;;2700;NON;NON;NON;5;H;NON;NON;NON;NON;;
;P. Vercruysse;;2700;NON;NON;NON;5;M;NON;NON;NON;NON;;
;B. Piton;;2700;NON;NON;NON;5;M;NON;NON;NON;NON;;
;A. Abrivard;;2700;NON;NON;NON;5;M;NON;NON;OUI;NON;;
;S. Roger;;2700;NON;NON;NON;4;F;NON;NON;NON;NON;;
;A. Barrier;;2700;NON;NON;NON;4;F;NON;NON;NON;NON;;
;F. Ouvrie;;2700;NON;NON;NON;4;F;NON;NON;OUI;NON;;
;P. Vercruysse;;2700;NON;NON;NON;4;F;NON;NON;OUI;NON;;
;F. Nivard;;2700;NON;NON;NON;4;F;NON;NON;NON;NON;;
;F. Nivard;;3000;NON;NON;NON;5;M;NON;NON;NON;NON;;
;C. Megissier;;3000;NON;NON;NON;5;M;OUI;NON;OUI;NON;;
;Ph. Daugeard;;3000;NON;NON;NON;5;M;OUI;NON;OUI;NON;;
;R. Derieux;;3000;NON;NON;NON;5;M;NON;NON;NON;NON;;
;J.M. Bazire;;3000;NON;NON;NON;5;M;NON;NON;OUI;NON;;
;B. Goop;;2850;NON;NON;NON;6;F;NON;NON;NON;NON;;
;A. Abrivard;;2850;OUI;NON;NON;6;F;NON;NON;NON;NON;;
;E. Raffin;;2850;OUI;NON;NON;6;F;NON;NON;OUI;NON;;
;P. Vercruysse;;2850;NON;NON;NON;6;F;OUI;NON;NON;NON;;
;M. Mottier;;2850;NON;NON;NON;6;F;NON;NON;NON;OUI;;
;D. Bonne;;2700;NON;NON;NON;8;M;OUI;OUI;NON;NON;;
;W. Bigeon;;2700;NON;NON;NON;10;H;NON;NON;NON;NON;;
;J.M. Bazire;;2700;NON;NON;NON;6;M;NON;NON;OUI;NON;;
;L. Guinoiseau;;2700;NON;NON;NON;8;F;NON;NON;OUI;NON;;
;F. Nivard;;2700;NON;NON;NON;6;M;NON;NON;OUI;NON;;
;J.M. Bazire;;2850;NON;NON;NON;6;H;NON;NON;OUI;NON;;
;D. Bonne;;2850;NON;NON;NON;7;H;NON;NON;NON;NON;;
;Ch. Martens;;2850;NON;NON;NON;6;H;NON;NON;OUI;NON;;
;J. Verbeeck;;2850;NON;NON;NON;7;M;NON;NON;OUI;NON;;
;F. Ouvrie;;2850;NON;NON;NON;6;H;NON;NON;NON;NON;;
;E. Raffin;;2700;NON;NON;NON;7;M;NON;NON;OUI;NON;;
;F. Ouvrie;;2700;NON;NON;NON;8;H;NON;NON;OUI;NON;;
;L. Verva;;2700;NON;NON;NON;9;H;NON;NON;NON;NON;;
;D. Locqueneux;;2700;NON;NON;NON;7;F;NON;NON;NON;NON;;
;A. Barrier;;2700;NON;NON;NON;7;F;NON;NON;OUI;NON;;
;F. Ouvrie;;2100;NON;OUI;NON;7;H;NON;NON;OUI;NON;;
;R.Ch. Larue;;2100;NON;OUI;NON;9;H;NON;NON;NON;OUI;;
;F. Nivard;;2100;NON;OUI;NON;8;H;NON;NON;NON;NON;;
;Ph. Daugeard;;2100;OUI;OUI;NON;7;H;NON;NON;NON;NON;;
;S. Hardy;;2100;NON;OUI;NON;8;F;NON;NON;NON;NON;;
;F. Nivard;;2100;NON;OUI;NON;7;H;NON;NON;NON;NON;;
;P. Levesque;;2100;NON;OUI;NON;8;F;OUI;NON;OUI;NON;;
;A. Barrier;;2100;NON;OUI;NON;8;H;NON;NON;OUI;NON;;
;P. Vercruysse;;2100;NON;OUI;NON;6;F;NON;NON;NON;NON;;
;D. Locqueneux;;2100;OUI;OUI;NON;7;M;NON;NON;NON;NON;;
;P.Edouard Mar;;2850;OUI;NON;NON;5;F;NON;NON;OUI;NON;;
;P.Y. Verva;;2850;OUI;NON;NON;5;F;NON;NON;NON;NON;;
;A.G. Maillard;;2850;OUI;NON;NON;5;F;NON;NON;NON;NON;;
;M. Bezier;;2850;NON;NON;NON;5;F;NON;NON;NON;NON;;
;L. Laudren;;2850;NON;NON;NON;5;F;NON;NON;NON;OUI;;
;P.Y. Verva;;2700;NON;NON;NON;7;F;NON;NON;NON;NON;;
;P. Vercruysse;;2700;NON;NON;NON;7;M;OUI;NON;NON;NON;;
;S. Baude;;2700;NON;NON;NON;7;M;NON;NON;OUI;NON;;
;D. Locqueneux;;2700;NON;NON;NON;8;H;OUI;NON;NON;NON;;
;Ch. Martens;;2700;NON;NON;NON;8;H;NON;NON;NON;NON;;
;R. Derieux;;2850;NON;NON;NON;6;H;NON;NON;OUI;NON;;
;J.Ph. Raffege;;2850;NON;NON;NON;6;H;NON;NON;NON;NON;;
;Ch. Bigeon;;2850;NON;NON;NON;6;H;NON;NON;OUI;NON;;
;J.F. Senet;;2850;NON;NON;NON;6;M;NON;NON;NON;NON;;
;J. Verbeeck;;2850;NON;NON;NON;6;H;NON;NON;OUI;NON;;
;D. Locqueneux;;2850;OUI;NON;NON;7;M;OUI;NON;OUI;NON;;
;F. Nivard;;2850;OUI;NON;NON;7;F;NON;NON;OUI;NON;;
;M. Minopoli J;;2850;NON;NON;NON;7;M;NON;NON;NON;NON;;
;P.Y. Verva;;2850;NON;NON;NON;7;M;NON;NON;NON;NON;;
;J. Baudron;;2850;OUI;NON;NON;8;M;NON;NON;OUI;NON;;
;F. Nivard;;2850;NON;NON;NON;6;M;NON;NON;OUI;NON;;
;S. Roger;;2850;NON;NON;NON;7;H;NON;NON;NON;NON;;
;D. Thomain;;2850;NON;NON;NON;10;H;NON;NON;NON;NON;;
;Ph. Daugeard;;2850;NON;NON;NON;7;F;NON;NON;NON;NON;;
;J.Ph. Dubois;;2850;NON;NON;NON;8;M;NON;NON;NON;NON;;
;J. Guelpa;;2850;NON;NON;NON;8;H;OUI;NON;NON;NON;;
;S.J.L. Tessie;;2850;NON;NON;NON;7;F;NON;NON;NON;OUI;;
;A. Thomas;;2850;OUI;NON;NON;7;F;NON;NON;OUI;NON;;
;F. Nivard;;2850;OUI;NON;NON;8;H;NON;NON;NON;NON;;
;A. Barrier;;2850;NON;NON;NON;7;F;NON;NON;NON;NON;;
;J.M. Bazire;;2850;NON;NON;NON;6;H;NON;NON;OUI;NON;;
;R. Bergh;;2850;NON;NON;NON;6;H;NON;NON;OUI;NON;;
;J. Niskanen;;2850;NON;NON;NON;6;H;NON;NON;OUI;NON;;
;F. Anne;;2850;NON;NON;NON;7;F;NON;NON;NON;NON;;
;J. Verbeeck;;2850;OUI;NON;NON;6;H;NON;NON;NON;NON;;
;F. Nivard;NON;2850;OUI;NON;NON;6;H;NON;NON;OUI;NON;;
;J.M. Bazire;OUI;2850;NON;NON;NON;6;H;NON;NON;OUI;NON;;
;D. Locqueneux;NON;2850;NON;NON;NON;8;M;OUI;NON;OUI;NON;;
;R. Bergh;OUI;2850;NON;NON;NON;6;H;NON;NON;OUI;NON;;
;J. Niskanen;OUI;2850;NON;NON;NON;6;H;NON;NON;OUI;NON;;
;S. Baude;OUI;2700;NON;NON;NON;7;H;NON;NON;OUI;NON;;
;M. Abrivard;NON;2700;NON;NON;NON;7;M;NON;NON;NON;NON;;
;E. Raffin;NON;2700;NON;NON;NON;8;H;NON;NON;NON;NON;;
;F. Lagadeuc;OUI;2700;NON;NON;NON;9;H;NON;NON;NON;NON;;
;P. Vercruysse;NON;2700;NON;NON;NON;7;M;OUI;NON;NON;NON;;
;P. Levesque;NON;2100;NON;OUI;NON;8;F;OUI;NON;OUI;NON;;
;D. Bonne;NON;2100;OUI;OUI;NON;8;M;NON;NON;OUI;NON;;
;Ph. Daugeard;OUI;2100;NON;OUI;NON;7;F;NON;NON;OUI;NON;;
;F. Nivard;NON;2100;NON;OUI;NON;9;H;NON;NON;NON;NON;;
;D. Thomain;NON;2100;NON;OUI;NON;10;H;NON;NON;NON;NON;;
;M. Mottier;NON;2100;NON;OUI;NON;4;F;NON;NON;OUI;NON;;
;J. Dubois;NON;2100;NON;OUI;NON;4;F;NON;NON;NON;NON;;
;E. Bellei;NON;2100;NON;OUI;NON;4;M;NON;NON;NON;NON;;
;J.M. Bazire;OUI;2100;NON;OUI;NON;4;M;NON;NON;OUI;NON;;
;Mlle J. Lindq;NON;2100;NON;OUI;NON;5;F;NON;NON;NON;NON;;
;J.M. Bazire;NON;2850;NON;NON;NON;6;F;NON;NON;OUI;NON;;
;Ch. Bigeon;OUI;2850;NON;NON;NON;6;F;NON;NON;OUI;NON;;
;Ph. Ternisien;OUI;2850;NON;NON;NON;6;F;NON;NON;NON;NON;;
;Th. Viet;NON;2850;NON;NON;NON;6;F;NON;NON;OUI;NON;;
;M. Abrivard;NON;2850;NON;NON;NON;6;F;NON;NON;OUI;NON;;
;D. Locqueneux;NON;2100;NON;OUI;NON;5;M;NON;NON;OUI;NON;;
;E. Raffin;NON;2100;OUI;OUI;NON;5;H;OUI;NON;NON;NON;;
;J.M. Bazire;OUI;2100;NON;OUI;NON;5;M;NON;NON;OUI;NON;;
;A. Abrivard;NON;2100;NON;OUI;NON;5;F;NON;NON;NON;NON;;
;J.P. Dubois;OUI;2100;NON;OUI;NON;4;F;NON;NON;OUI;NON;;
;Th. Viet;NON;2850;NON;NON;NON;5;F;NON;NON;NON;NON;;
;Ch. Bigeon;OUI;2850;NON;NON;NON;5;F;NON;NON;OUI;NON;;
;J.M. Bazire;NON;2850;NON;NON;NON;5;F;NON;NON;OUI;NON;;
;F. Ouvrie;NON;2850;NON;NON;NON;5;F;NON;NON;NON;NON;;
;D. Cordeau;OUI;2850;NON;NON;NON;5;F;NON;NON;NON;NON;;
;P. Levesque;NON;2100;OUI;OUI;NON;8;H;NON;NON;OUI;NON;;
;J.M. Bazire;OUI;2100;NON;OUI;NON;6;F;NON;NON;OUI;NON;;
;R. Bergh;OUI;2100;OUI;OUI;NON;6;H;NON;NON;OUI;NON;;
;A. Barrier;NON;2100;NON;OUI;NON;8;F;NON;NON;NON;NON;;
;A. Thomas;OUI;2100;NON;OUI;NON;7;F;NON;NON;NON;NON;;
;J. Dubois;NON;2700;NON;NON;NON;7;H;NON;NON;OUI;NON;;
;M. Abrivard;OUI;2700;NON;NON;NON;7;H;NON;NON;OUI;NON;;
;D. Locqueneux;NON;2700;NON;NON;NON;8;H;NON;NON;OUI;NON;;
;J.M. Bazire;NON;2700;NON;NON;NON;6;M;OUI;NON;OUI;NON;;
;F. Nivard;OUI;2700;NON;NON;NON;7;H;NON;NON;NON;NON;;
;F.P. Bossuet;OUI;2850;NON;NON;NON;6;H;NON;NON;OUI;NON;;
;D. Bonne;OUI;2850;NON;NON;NON;6;H;NON;NON;OUI;NON;;
;J. Bruneau;OUI;2850;NON;NON;NON;6;H;NON;NON;NON;NON;;
;W. Bigeon;NON;2850;NON;NON;NON;6;H;NON;NON;NON;NON;;
;M. Abrivard;NON;2850;NON;NON;NON;6;H;NON;NON;NON;NON;;
;J.M. Bazire;NON;2700;NON;NON;NON;4;H;OUI;NON;OUI;NON;;
;E. Raffin;NON;2700;NON;NON;NON;5;F;NON;NON;NON;NON;;
;F. Ouvrie;NON;2700;NON;NON;NON;5;F;NON;NON;NON;NON;;
;M. Abrivard;NON;2700;NON;NON;NON;4;F;NON;NON;NON;NON;;
;F. Nivard;NON;2700;NON;NON;NON;4;F;NON;NON;OUI;NON;;
;E. Raffin;NON;2700;NON;NON;NON;7;M;NON;NON;OUI;NON;;
;Ch. Dreux;OUI;2700;NON;NON;NON;7;M;NON;NON;OUI;NON;;
;F. Nivard;NON;2700;NON;NON;NON;7;H;NON;NON;OUI;NON;;
;F. Lagadeuc;OUI;2700;NON;NON;NON;9;H;NON;NON;NON;NON;;
;M. Mottier;OUI;2700;NON;NON;NON;8;F;NON;NON;NON;NON;;
;J. Verbeeck;NON;2700;NON;NON;NON;8;H;NON;NON;OUI;NON;;
;M. Mottier;NON;2700;NON;NON;NON;7;H;NON;NON;NON;NON;;
;P.Y. Verva;NON;2700;NON;NON;NON;7;H;NON;NON;OUI;NON;;
;M.X. Charlot;OUI;2700;NON;NON;NON;8;H;NON;NON;NON;NON;;
;S. Roger;OUI;2700;NON;NON;NON;8;H;NON;NON;NON;NON;;
;P. Levesque;NON;2850;NON;NON;NON;8;H;NON;NON;OUI;NON;;
;J.Et. Dubois;OUI;2850;NON;NON;NON;6;M;NON;NON;NON;NON;;
;F. Nivard;NON;2850;NON;NON;NON;9;H;NON;NON;NON;NON;;
;D. Locqueneux;NON;2850;NON;NON;NON;6;H;NON;NON;NON;NON;;
;W. Bigeon;NON;2850;NON;NON;NON;10;H;NON;NON;NON;NON;;
;Ch. Bigeon;OUI;2850;NON;NON;NON;6;F;NON;NON;OUI;NON;;
;Ch.J. Bigeon;OUI;2850;NON;NON;NON;6;F;NON;NON;NON;NON;;
;G. Gelormini;NON;2850;NON;NON;NON;6;F;NON;NON;NON;NON;;
;D. Thomain;NON;2850;NON;NON;NON;6;F;NON;NON;NON;NON;;
;J.M. Bazire;NON;2850;NON;NON;NON;6;F;NON;NON;OUI;NON;;
;F.P. Bossuet;OUI;2850;OUI;NON;NON;6;F;NON;NON;OUI;NON;;
;W. Bigeon;OUI;2850;NON;NON;NON;6;H;NON;NON;OUI;NON;;
;E. Raffin;NON;2850;OUI;NON;NON;7;H;NON;NON;OUI;NON;;
;D. Locqueneux;NON;2850;NON;NON;NON;7;H;NON;NON;NON;NON;;
;Th. Levesque;NON;2850;OUI;NON;NON;7;H;NON;NON;NON;NON;;
;R.Ch. Larue;OUI;2700;NON;NON;NON;5;H;NON;NON;NON;oui;;
;A. Abrivard;NON;2700;NON;NON;NON;5;H;NON;NON;OUI;NON;;
;D. Locqueneux;NON;2700;NON;NON;NON;5;H;NON;NON;NON;NON;;
;F. Ouvrie;NON;2700;NON;NON;NON;5;H;NON;NON;NON;NON;;
;E. Raffin;NON;2700;NON;NON;NON;5;H;NON;NON;OUI;NON;;
;P. Levesque;NON;2700;NON;NON;NON;6;H;NON;NON;OUI;NON;;
;H. Sionneau;OUI;2700;NON;NON;NON;6;M;NON;NON;NON;NON;;
;S. Desmarres;OUI;2700;NON;NON;NON;8;H;NON;NON;NON;NON;;
;J.M. Bazire;OUI;2700;NON;NON;NON;6;H;NON;NON;OUI;NON;;
;J.Ph. Mary;OUI;2700;NON;NON;NON;6;H;NON;NON;NON;NON;;
;J.L.Cl. Derso;OUI;2700;NON;NON;NON;6;H;NON;NON;OUI;NON;;
;M. Abrivard;OUI;2700;NON;NON;NON;6;H;OUI;NON;OUI;NON;;
;Th. Viet;NON;2700;NON;NON;NON;6;H;NON;NON;NON;oui;;
;R. Bergh;OUI;2700;NON;NON;NON;6;H;NON;NON;OUI;NON;;
;D. Thomain;NON;2700;NON;NON;NON;6;H;NON;NON;NON;NON;;
;J.M. Bazire;OUI;2700;NON;NON;NON;4;M;NON;NON;OUI;NON;;
;J.L.Cl. Derso;NON;2700;NON;NON;NON;4;H;NON;NON;NON;NON;;
;F. Anne;OUI;2700;NON;NON;NON;4;M;NON;NON;OUI;NON;;
;F. Nivard;NON;2700;NON;NON;NON;4;M;NON;NON;NON;NON;;
;P. Vercruysse;NON;2700;NON;NON;NON;4;M;NON;NON;NON;NON;;
;J.L.Cl. Derso;OUI;2100;OUI;OUI;NON;8;H;NON;NON;OUI;NON;;
;A. Barrier;NON;2100;NON;OUI;NON;6;F;NON;NON;OUI;NON;;
;P. Vercruysse;NON;2100;NON;OUI;NON;7;M;NON;NON;NON;NON;;
;J.M. Bazire;NON;2100;OUI;OUI;NON;6;F;NON;NON;NON;NON;;
;P.Y. Verva;NON;2100;NON;OUI;NON;7;M;NON;NON;NON;NON;;
;A. Barrier;NON;2850;NON;NON;NON;7;F;NON;NON;OUI;NON;;
;J.M. Bazire;NON;2850;NON;NON;NON;8;F;NON;NON;NON;NON;;
;L.Cl. Abrivar;OUI;2850;NON;NON;NON;6;F;NON;NON;NON;NON;;
;F. Nivard;NON;2850;NON;NON;NON;6;F;NON;NON;OUI;NON;;
;Et. Lefranc;OUI;2850;NON;NON;NON;6;F;NON;NON;NON;NON;;
;A. Barrier;NON;2850;NON;NON;NON;6;F;NON;NON;NON;NON;;
;C. Megissier;OUI;2850;NON;NON;NON;5;M;OUI;NON;OUI;NON;;
;Th. Duvaldest;OUI;2850;NON;NON;NON;7;M;NON;NON;NON;NON;;
;M. Abrivard;NON;2850;NON;NON;NON;7;F;NON;NON;NON;NON;;
;J. Dubois;NON;2850;NON;NON;NON;6;M;NON;NON;OUI;NON;;
;E. Raffin;NON;2700;NON;NON;NON;3;M;NON;NON;NON;NON;;
;J.M. Bazire;NON;2700;NON;NON;NON;3;M;NON;NON;NON;NON;;
;M. Mottier;NON;2700;NON;NON;NON;3;F;NON;NON;NON;oui;;
;D. Thomain;NON;2700;NON;NON;NON;3;M;NON;NON;NON;NON;;
;P. Vercruysse;NON;2700;NON;NON;NON;3;M;NON;NON;NON;NON;;
;Ph. Daugeard;OUI;2850;OUI;NON;NON;7;F;OUI;NON;OUI;NON;;
;J.W. Hallais;OUI;2850;OUI;NON;NON;7;F;NON;NON;NON;NON;;
;S. Roger;OUI;2850;OUI;NON;NON;7;H;NON;NON;OUI;NON;;
;S. Ernault;NON;2850;OUI;NON;NON;8;F;OUI;NON;OUI;NON;;
;F. Nivard;OUI;2850;OUI;NON;NON;7;H;NON;NON;NON;NON;;
;F.P. Bossuet;OUI;2100;NON;OUI;NON;6;H;OUI;NON;OUI;NON;;
;J.M. Bazire;NON;2100;NON;OUI;NON;6;H;OUI;NON;OUI;NON;;
;L. Baudron;OUI;2100;NON;OUI;NON;6;F;NON;NON;NON;NON;;
;T. Jansson;OUI;2100;OUI;OUI;NON;6;H;NON;NON;NON;NON;;
;C. Lugauer;OUI;2100;NON;OUI;NON;6;M;NON;NON;OUI;NON;;
;A. Barrier;NON;2850;OUI;NON;NON;7;F;NON;NON;OUI;NON;;
;P.Y. Verva;NON;2850;OUI;NON;NON;8;H;NON;NON;NON;NON;;
;P. Vercruysse;OUI;2850;NON;NON;NON;8;M;NON;NON;OUI;NON;;
;E. Raffin;NON;2850;OUI;NON;NON;7;H;NON;NON;OUI;NON;;
;F. Nivard;NON;2850;OUI;NON;NON;7;H;NON;NON;OUI;NON;;
;J.L.Cl. Derso;NON;2100;OUI;OUI;NON;5;H;NON;NON;OUI;NON;;
;P. Vercruysse;NON;2100;NON;OUI;NON;5;H;NON;NON;NON;NON;;
;H. Langeweg J;OUI;2100;OUI;OUI;NON;4;M;OUI;NON;NON;NON;;
;A. Abrivard;NON;2100;NON;OUI;NON;5;F;NON;NON;NON;NON;;
;D. Locqueneux;NON;2100;NON;OUI;NON;5;M;OUI;NON;OUI;NON;;
;J. Dubois;NON;2850;NON;NON;NON;7;H;NON;NON;OUI;NON;;
;D. Thomain;NON;2850;NON;NON;NON;5;F;NON;NON;NON;NON;;
;J.M. Bazire;NON;2850;OUI;NON;NON;5;M;NON;NON;OUI;NON;;
;J.L.Cl. Derso;OUI;2850;NON;NON;NON;8;H;NON;NON;NON;NON;;
;F. Ouvrie;NON;2850;NON;NON;NON;8;H;NON;NON;NON;NON;;
;Ch. Martens;OUI;2700;NON;NON;OUI;7;F;NON;NON;NON;NON;;
;J.L.Cl. Derso;OUI;2700;NON;NON;OUI;7;H;NON;NON;OUI;NON;;
;E. Raffin;NON;2700;NON;NON;OUI;10;H;NON;NON;NON;NON;;
;Mlle J. Lindq;NON;2700;NON;NON;NON;7;F;NON;NON;NON;NON;;
;J.M. Bazire;NON;2700;NON;NON;OUI;7;F;NON;NON;NON;NON;;
;A. Abrivard;OUI;2700;NON;NON;OUI;6;F;NON;NON;NON;NON;;
;F. Nivard;NON;2700;NON;NON;OUI;6;F;NON;NON;OUI;NON;;
;A. Barrier;NON;2700;NON;NON;OUI;7;F;NON;NON;NON;NON;;
;P. Levesque;NON;2700;NON;NON;OUI;6;F;NON;NON;NON;NON;;
;L. Baudron;OUI;2700;NON;NON;OUI;6;F;NON;NON;NON;NON;;
;S. Roger;OUI;2700;NON;NON;OUI;4;F;NON;NON;NON;NON;;
;W. Bigeon;OUI;2700;NON;NON;NON;4;F;NON;NON;OUI;NON;;
;R. Metayer;OUI;2700;NON;NON;NON;4;F;NON;NON;NON;NON;;
;A. Barrier;NON;2700;NON;NON;OUI;4;F;NON;NON;NON;NON;;
;P.Y. Verva;NON;2700;NON;NON;NON;4;F;NON;NON;NON;NON;;
;M. Mottier;OUI;2100;NON;OUI;OUI;4;F;OUI;NON;OUI;NON;;
;L. Baudron;OUI;2100;NON;OUI;NON;4;M;NON;NON;OUI;NON;;
;E. Lambertz;OUI;2100;OUI;OUI;OUI;4;M;NON;NON;NON;NON;;
;Johnny Takter;NON;2100;NON;OUI;NON;4;M;NON;NON;NON;NON;;
;E. Raffin;NON;2100;OUI;OUI;OUI;4;M;NON;NON;NON;NON;;
;Ch.J. Bigeon;OUI;2700;NON;NON;NON;6;F;NON;NON;OUI;NON;;
;E. Raffin;NON;2700;NON;NON;OUI;6;F;NON;NON;OUI;NON;;
;F. Nivard;NON;2700;NON;NON;NON;6;F;NON;NON;OUI;NON;;
;D. Brohier;OUI;2700;NON;NON;OUI;6;F;NON;NON;NON;NON;;
;P.Y. Verva;NON;2700;NON;NON;OUI;6;F;NON;NON;NON;NON;;
;F. Nivard;NON;2850;OUI;NON;OUI;6;H;NON;OUI;OUI;NON;;
;J.L.Cl. Derso;OUI;2850;NON;NON;NON;6;H;NON;NON;NON;NON;;
;F.P. Bossuet;OUI;2850;NON;NON;NON;6;H;OUI;NON;OUI;NON;;
;P. Vercruysse;NON;2850;NON;NON;OUI;5;M;NON;NON;OUI;NON;;
;J.Et. Dubois;OUI;2850;OUI;NON;NON;6;M;NON;NON;NON;NON;;
;A. Abrivard;OUI;2700;NON;NON;OUI;6;F;NON;NON;OUI;NON;;
;F. Nivard;NON;2700;NON;NON;OUI;6;F;NON;NON;OUI;NON;;
;P. Vercruysse;NON;2700;NON;NON;NON;7;F;NON;NON;NON;NON;;
;P. Levesque;NON;2700;NON;NON;OUI;6;F;NON;NON;OUI;NON;;
;M. Abrivard;OUI;2700;NON;NON;NON;6;F;NON;NON;NON;NON;;
;J.L.Cl. Derso;OUI;2850;NON;NON ;OUI;6;H;NON;NON;OUI;NON;;
;Ch. Dreux;OUI;2850;NON;NON ;OUI;7;M;NON;NON;OUI;NON;;
;F.P. Bossuet;OUI;2850;NON;NON ;NON;6;F;NON;NON;NON;NON;;
;Ch. Martens;OUI;2850;NON;NON ;OUI;7;F;NON;NON;NON;NON;;
;S. Ernault;NON;2850;OUI;NON ;OUI;8;H;OUI;NON;OUI;NON;;
;J. Dubois;NON;2100;NON;OUI;NON;6;M;NON;NON;OUI;NON;;
;A. Barrier;NON;2100;OUI;OUI;NON;6;F;NON;NON;NON;NON;;
;F. Nivard;NON;2100;NON;OUI;OUI;8;M;NON;NON;OUI;NON;;
;Ch.J. Bigeon;OUI;2100;NON;OUI;NON;6;M;NON;NON;NON;NON;;
;E. Raffin;NON;2100;NON;OUI;OUI;8;F;NON;NON;NON;NON;;
;Ch.J. Bigeon;OUI;2100;NON;OUI;OUI;6;F;NON;NON;OUI;NON;;
;E. Raffin;NON;2100;NON;OUI;OUI;6;F;OUI;NON;OUI;NON;;
;J.M. Bazire;NON;2100;NON;OUI;OUI;6;F;NON;NON;OUI;NON;;
;T. Le Beller;NON;2100;NON;OUI;OUI;6;F;NON;NON;NON;NON;;
;D. Locqueneux;NON;2100;NON;OUI;NON;6;F;NON;NON;NON;NON;;
;J.L.Cl. Derso;NON;2700;NON;NON;NON;7;H;NON;NON;NON;NON;;
;S. Baude;OUI;2700;NON;NON;OUI;7;H;NON;NON;OUI;NON;;
;A. Barrier;NON;2700;NON;NON;OUI;8;M;NON;NON;NON;NON;;
;D. Bonne;NON;2700;NON;NON;OUI;8;M;NON;NON;OUI;NON;;
;J. Dubois;NON;2700;NON;NON;OUI;8;M;NON;NON;NON;NON;;
;d. locqueneux;NON;2850;NON;NON;NON;6;H;NON;NON;OUI;NON;;
;d. thomain;NON;2850;NON;NON;OUI;6;M;NON;NON;OUI;NON;;
;e. raffin;NON;2850;NON;NON ;OUI;8;H;NON;NON;OUI;NON;;
;d. dauverne;OUI;2850;NON;NON;OUI;6;H;NON;NON;OUI;NON;;
;p. vercruysse;NON;2850;NON;NON;OUI;6;H;NON;NON;NON;NON;;
;f. nivard;NON;2100;NON;OUI;OUI;7;M;NON;NON;OUI;NON;;
;f.p. bossuet;OUI;2100;OUI;OUI;NON;7;H;OUI;NON;OUI;NON;;
;l. baudron;OUI;2100;OUI;OUI;OUI;7;M;NON;NON;OUI;NON;;
;d. bonne;NON;2100;OUI;OUI;NON;7;F;NON;NON;OUI;NON;;
;s. desmarres;OUI;2100;NON;OUI;NON;9;H;NON;NON;OUI;NON;;
;f. nivard;NON;2100;OUI;OUI;OUI;7;H;OUI;OUI;OUI;NON;;
;j. verbeeck;NON;2100;NON;OUI;NON;8;M;NON;NON;OUI;NON;;
;ch. bigeon;OUI;2100;OUI;OUI;NON;6;M;NON;NON;NON;NON;;
;th. duvaldest;OUI;2100;NON;OUI;NON;8;H;NON;NON;OUI;NON;;
;j.l.cl. derso;OUI;2100;NON;OUI;NON;9;H;NON;NON;OUI;NON;;
;a. barrier;NON;2850;NON;NON;OUI;7;F;NON;NON;OUI;NON;;
;j. verbeeck;NON;2850;OUI;NON;OUI;7;F;NON;NON;OUI;NON;;
;t. le beller;NON;2850;OUI;NON;NON;7;F;NON;NON;OUI;NON;;
;j.m. bazire;NON;2850;OUI;NON;OUI;8;F;NON;NON;NON;NON;;
;ch. bigeon;OUI;2850;NON;NON;NON;7;F;NON;NON;NON;NON;;
;f. nivard;NON;2850;OUI;NON;OUI;7;H;NON;NON;OUI;NON;;
;f. lecanu;NON;2850;OUI;NON;OUI;7;H;NON;NON;OUI;NON;;
;j.ph. mary;OUI;2850;NON;NON;OUI;7;H;OUI;NON;OUI;NON;;
;a. barrier;NON;2850;NON;NON;OUI;7;H;NON;NON;OUI;NON;;
;j.ph. monclin;OUI;2850;NON;NON;OUI;8;H;NON;NON;OUI;NON;;
;j.et. dubois;OUI;2700;NON;NON;OUI;4;F;NON;NON;OUI;NON;;
;p. vercruysse;NON;2700;NON;NON;NON;4;F;NON;NON;NON;NON;;
;e. raffin;NON;2700;NON;NON;NON;4;F;NON;NON;OUI;NON;;
;f. nivard;NON;2700;NON;NON;NON;4;F;NON;NON;OUI;NON;;
;g.a. pou pou;NON;2700;NON;NON;NON;4;F;NON;NON;OUI;NON;;
;f. ouvrie;NON;2700;NON;NON;NON;6;H;NON;NON;OUI;NON;;
;d. thomain;OUI;2700;NON;NON;NON;6;H;NON;NON;OUI;NON;;
;l. guinoiseau;NON;2700;NON;NON;OUI;6;H;NON;NON;OUI;NON;;
;e. raffin;NON;2700;NON;NON;OUI;6;H;NON;NON;OUI;NON;;
;p. vercruysse;NON;2700;NON;NON;NON;6;H;NON;NON;NON;OUI;;
;P. Vercruysse;NON;2850;NON;NON;OUI;9;M;NON;NON;OUI;NON;;
;Ph. Daugeard;OUI;2850;NON;NON;NON;6;M;NON;NON;OUI;NON;;
;Th. Duvaldest;OUI;2850;NON;NON;OUI;8;M;NON;NON;OUI;NON;;
;J.M. Bazire;NON;2850;OUI;NON;NON;8;F;NON;NON;NON;OUI;;
;E. Raffin;NON;2850;NON;NON;NON;9;F;NON;NON;OUI;NON;;
;E. Raffin;NON;2700;NON;NON;NON;6;M;NON;NON;OUI;NON;;
;F. Ouvrie;NON;2700;NON;NON;OUI;7;H;NON;NON;OUI;NON;;
;J. Verbeeck;NON;2700;NON;NON;OUI;6;H;NON;NON;OUI;NON;;
;B. Piton;NON;2700;NON;NON;OUI;6;M;NON;NON;OUI;NON;;
;D. Thomain;NON;2700;NON;NON;OUI;6;M;NON;NON;NON;NON;;
;A. Thomas;OUI;2700;NON;NON;OUI;6;F;NON;NON;OUI;NON;;
;M. Abrivard;NON;2700;NON;NON;OUI;6;F;NON;NON;OUI;NON;;
;J.M. Bazire;NON;2700;NON;NON;OUI;6;F;NON;NON;OUI;NON;;
;F. Ouvrie;NON;2700;NON;NON;OUI;6;F;NON;NON;OUI;NON;;
;E. Raffin;NON;2700;NON;NON;OUI;6;F;NON;NON;OUI;NON;;
;F. Ouvrie;NON;2850;OUI;NON;OUI;8;H;NON;NON;OUI;NON;;
;J.M. Bazire;OUI;2850;NON;NON;OUI;7;F;NON;NON;OUI;NON;;
;J.Cl. Hallais;OUI;2850;NON;NON;NON;8;F;NON;NON;NON;NON;;
;Ph. Daugeard;OUI;2850;NON;NON;OUI;8;F;OUI;NON;OUI;NON;;
;P. Levesque;NON;2850;NON;NON;OUI;9;F;NON;NON;NON;NON;;
;E. Raffin;NON;2700;NON;NON;OUI;9;F;NON;NON;NON;NON;;
;Ch.J. Bigeon;OUI;2700;NON;NON;NON;7;M;NON;NON;OUI;NON;;
;Y. Lebourgeoi;NON;2700;NON;NON;OUI;8;M;NON;NON;NON;NON;;
;J.L.Cl. Derso;NON;2700;NON;NON;OUI;7;F;NON;NON;NON;NON;;
;M. Abrivard;NON;2700;NON;NON;OUI;7;M;NON;NON;NON;NON;;
;J. Niskanen;OUI;2700;NON;NON;OUI;7;H;NON;NON;NON;NON;;
;J.Ph. Mary;OUI;2700;NON;NON;OUI;7;H;NON;NON;NON;NON;;
;J. Verbeeck;NON;2700;NON;NON;NON;7;F;NON;NON;NON;NON;;
;P. Vercruysse;NON;2700;NON;NON;OUI;8;H;NON;NON;NON;OUI;;
;E. Raffin;NON;2700;NON;NON;OUI;7;F;NON;NON;OUI;NON;;
;L. Kolgjini;OUI;2850;NON;NON;OUI;6;M;NON;NON;OUI;NON;;
;E. Raffin;NON;2850;NON;NON;OUI;6;H;NON;NON;OUI;NON;;
;A. Barrier;NON;2850;NON;NON;OUI;6;H;NON;NON;NON;NON;;
;P. Levesque;NON;2850;OUI;NON;NON;6;M;NON;NON;NON;NON;;
;R. Vecchione;NON;2850;NON;NON;OUI;6;M;NON;NON;NON;NON;;
;O. Kihlstrom;NON;2700;NON;NON;OUI;9;M;NON;NON;NON;NON;;
;J.M. Bazire;NON;2700;NON;NON;OUI;6;M;NON;NON;OUI;NON;;
;P. Vercruysse;NON;2700;NON;NON;OUI;9;M;NON;NON;NON;NON;;
;E. Raffin;NON;2700;NON;NON;OUI;9;F;NON;NON;NON;NON;;
;J. Verbeeck;NON;2700;NON;NON;OUI;7;M;NON;NON;NON;NON;;
;A. Guzzinati;NON;2700;NON;NON;OUI;7;F;NON;NON;OUI;NON;;
;E. Raffin;NON;2700;NON;NON;NON;7;F;OUI;NON;NON;NON;;
;J. Chavatte;NON;2700;NON;NON;OUI;7;F;NON;NON;NON;OUI;;
;F. Ouvrie;NON;2700;NON;NON;OUI;7;F;NON;NON;NON;NON;;
;J.M. Bazire;NON;2700;NON;NON;NON;7;F;OUI;NON;NON;NON;;
;D. Thomain;NON;2700;NON;NON;OUI;5;F;NON;NON;NON;NON;;
;J.M. Bazire;OUI;2700;NON;NON;OUI;5;F;NON;NON;OUI;NON;;
;T. Le Beller;NON;2700;NON;NON;OUI;5;F;NON;NON;OUI;NON;;
;M. Abrivard;OUI;2700;NON;NON;NON;5;F;NON;NON;NON;NON;;
;H. Hardy;OUI;2700;NON;NON;NON;5;F;NON;NON;OUI;NON;;
;F. Nivard;NON;2850;NON;NON;OUI;7;H;NON;NON;OUI;NON;;
;J.W. Hallais;OUI;2850;OUI;NON;NON;8;F;NON;NON;NON;NON;;
;M. Abrivard;NON;2850;OUI;NON;NON;8;H;NON;NON;NON;NON;;
;Ph. Daugeard;OUI;2850;OUI;NON;NON;8;F;NON;NON;NON;NON;;
;J.M. Bazire;OUI;2850;OUI;NON;OUI;7;F;NON;NON;OUI;NON;;
;E. Raffin;NON;2850;NON;NON;OUI;8;H;NON;NON;NON;NON;;
;M. Bezier;OUI;2850;NON;NON;OUI;7;H;NON;NON;NON;NON;;
;J.M. Bazire;NON;2850;OUI;NON;OUI;8;H;NON;NON;NON;NON;;
;M.G. Baron;OUI;2850;NON;NON;NON;8;H;NON;NON;NON;OUI;;
;T. Le Beller;NON;2850;NON;NON;OUI;8;H;NON;NON;NON;NON;;
;P. Vercruysse;NON;2850;NON;NON;OUI;7;H;NON;NON;NON;NON;;
;F. Ouvrie;NON;2850;OUI;NON;NON;7;H;NON;NON;NON;NON;;
;M. Abrivard;NON;2850;OUI;NON;NON;7;F;NON;NON;OUI;NON;;
;Ch. Martens;OUI;2850;NON;NON;OUI;6;H;NON;NON;OUI;NON;;
;F. Nivard;NON;2850;OUI;NON;NON;7;F;NON;NON;NON;NON;;
;E. Raffin;NON;2700;NON;NON;NON;7;H;NON;NON;NON;NON;;
;G. Donio;OUI;2700;NON;NON;NON;7;H;NON;NON;NON;NON;;
;P. Levesque;NON;2700;NON;NON;Oui;7;H;NON;NON;NON;NON;;
;D. Locqueneux;NON;2700;NON;NON;Oui;7;H;NON;NON;OUI;NON;;
;F. Ouvrie;NON;2700;NON;NON;Oui;7;H;NON;NON;NON;NON;;
;D. Thomain;NON;2100;OUI;OUI;NON;6;M;NON;NON;NON;NON;;
;B. Piton;NON;2100;NON;OUI;OUI;7;M;NON;NON;NON;NON;;
;J.L.Cl. Derso;OUI;2100;NON;OUI;NON;6;M;NON;NON;OUI;NON;;
;M. Mottier;NON;2100;OUI;OUI;NON;8;H;NON;NON;NON;NON;;
;F. Nivard;NON;2100;OUI;OUI;OUI;8;F;NON;NON;NON;NON;;
;F. Anne;OUI;2175;NON;NON;OUI;5;F;NON;NON;NON;NON;;
;L. Baudron;OUI;2175;NON;NON;NON;5;M;NON;NON;OUI;NON;;
;J. Verbeeck;NON;2175;NON;NON;NON;5;M;NON;NON;NON;NON;;
;E. Lambertz;OUI;2175;NON;NON;OUI;5;M;NON;NON;OUI;NON;;
;M. Mottier;OUI;2175;NON;NON;OUI;5;F;NON;NON;OUI;NON;;
;F. Nivard;NON;2100;OUI;OUI;OUI;7;M;NON;NON;NON;NON;;
;D. Thomain;NON;2100;NON;OUI;OUI;6;F;NON;NON;NON;NON;;
;J.L.Cl. Derso;OUI;2100;OUI;OUI;NON;7;H;NON;NON;NON;NON;;
;J.M. Bazire;NON;2100;NON;OUI;OUI;8;H;NON;NON;NON;NON;;
;J.Et. Dubois;OUI;2100;NON;OUI;OUI;7;H;NON;NON;OUI;NON;;
;B. Goop;NON;2100;NON;OUI;OUI;9;M;NON;NON;NON;NON;;
;Ph. Daugeard;OUI;2100;OUI;OUI;OUI;6;M;NON;NON;NON;NON;;
;Ch. Bigeon;OUI;2100;NON;OUI;NON;7;M;NON;NON;NON;NON;;
;P. Vercruysse;NON;2100;NON;OUI;OUI;9;M;NON;NON;NON;NON;;
;C. Megissier;OUI;2100;OUI;OUI;NON;9;M;NON;NON;NON;NON;;
;E. Adielsson;NON;2100;NON;OUI;NON;8;F;NON;NON;NON;NON;;
;F. Nivard;NON;2100;NON;OUI;NON;7;F;NON;NON;OUI;NON;;
;T. De Genouil;NON;2100;OUI;OUI;OUI;7;F;NON;NON;NON;NON;;
;Th. Viet;NON;2100;OUI;OUI;OUI;7;F;NON;NON;NON;NON;;
;E. Raffin;NON;2100;OUI;OUI;OUI;7;F;NON;NON;OUI;NON;;
;A. Barrier;NON;2100;NON;OUI;OUI;7;H;NON;NON;OUI;NON;;
;P. Levesque;NON;2100;OUI;OUI;OUI;7;H;NON;NON;OUI;NON;;
;P. Vercruysse ;NON;2100;NON;OUI;OUI;7;H;NON;NON;NON;NON;;
;D. Thomain;NON;2100;NON;OUI;NON;7;H;NON;NON;NON;NON;;
;M. Bezier;OUI;2100;NON;OUI;OUI;7;H;NON;NON;NON;NON;;
;Mme C. Hallai;NON;2850;NON;NON;OUI;6;M;NON;NON;NON;NON;;
;F. Nivard;NON;2850;NON;NON;OUI;6;M;NON;NON;OUI;NON;;
;M. Lenoir;NON;2850;OUI;NON;NON;6;H;NON;NON;NON;NON;;
;Y. Lebourgeoi;NON;2850;NON;NON;NON;5;M;NON;NON;NON;NON;;
;Y. Gerard;NON;2850;NON;NON;OUI;6;H;NON;NON;NON;NON;;
;J.Et. Dubois;OUI;2700;NON;NON;OUI;4;M;NON;NON;OUI;NON;;
;H. Langeweg J ;NON;2700;NON;NON;OUI;4;M;NON;NON;NON;NON;;
;J. Bruneau;OUI;2700;NON;NON;NON;4;M;NON;NON;NON;OUI;;
;B. Robin;NON;2700;NON;NON;NON;4;H;NON;NON;NON;NON;;
;E. Allard;OUI;2700;NON;NON;OUI;4;M;NON;NON;NON;NON;;
;J.M. Bazire;NON;2700;NON;NON;OUI;5;F;NON;NON;OUI;NON;;
;P. Vercruysse;NON;2700;NON;NON;NON;5;F;NON;NON;NON;NON;;
;A. Barrier;NON;2700;NON;NON;OUI;5;F;NON;NON;NON;NON;;
;T. Le Beller;NON;2700;NON;NON;OUI;5;F;NON;NON;NON;NON;;
;P.Y. Verva;OUI;2700;NON;NON;OUI;5;F;NON;NON;NON;NON;;
;N. Roussel;NON;2700;NON;NON;OUI;5;M;NON;NON;NON;NON;;
;P. Gubellini;OUI;2700;NON;NON;NON;5;M;NON;NON;NON;OUI;;
;F. Ouvrie;NON;2700;NON;NON;OUI;5;M;NON;NON;NON;NON;;
;F. Blandin;OUI;2700;NON;NON;OUI;5;M;NON;NON;NON;NON;;
;M. Nimczyk;OUI;2700;NON;NON;NON;5;M;NON;OUI;NON;NON;;
;D. Thomain;NON;2100;OUI;OUI;OUI;6;F;NON;NON;NON;NON;;
;E. Adielsson;NON;2100;OUI;OUI;OUI;6;H;NON;NON;NON;NON;;
;A. Barrier;NON;2100;NON;OUI;NON;7;F;NON;NON;OUI;NON;;
;M. Abrivard;NON;2100;OUI;OUI;OUI;9;H;NON;NON;NON;NON;;
;S. Ernault;NON;2100;NON;OUI;OUI;9;H;NON;NON;NON;NON;;
;J.M. Bazire;NON;4150;NON;NON;OUI;6;M;NON;NON;OUI;NON;;
;Ch. Bigeon;OUI;4150;NON;NON;NON;7;M;NON;NON;NON;NON;;
;E. Raffin;NON;4150;NON;NON;OUI;9;F;NON;NON;OUI;NON;;
;T. Le Beller;NON;4150;NON;NON;OUI;7;F;NON;NON;NON;NON;;
;D. Locqueneux;NON;4150;NON;NON;OUI;8;M;NON;NON;NON;NON;;
;M. Smorgon;OUI;2100;NON;OUI;NON;6;M;NON;NON;OUI;NON;;
;F. Ouvrie;OUI;2100;OUI;OUI;OUI;7;F;NON;NON;NON;NON;;
;M. Abrivard;NON;2100;OUI;OUI;OUI;7;F;NON;NON;NON;NON;;
;J.M. Bazire;OUI;2100;NON;OUI;OUI;6;F;NON;NON;OUI;NON;;
;D. Bonne;NON;2100;NON;OUI;OUI;9;M;NON;NON;NON;NON;;
;E. Raffin;NON;2175;NON;NON;OUI;4;M;NON;NON;OUI;NON;;
;C. Megissier;OUI;2175;OUI;NON;OUI;6;M;NON;NON;OUI;NON;;
;M. Abrivard;OUI;2175;NON;NON;OUI;4;M;NON;NON;NON;NON;;
;L. Baudron;OUI;2175;OUI;NON;NON;5;M;NON;NON;NON;NON;;
;Ph. Daugeard;OUI;2175;OUI;NON;NON;6;M;NON;NON;OUI;NON;;
;A. Wiels;NON;2850;NON;NON;NON;6;F;NON;NON;NON;NON;;
;Ch. Martens;NON;2850;OUI;NON;OUI;7;F;NON;NON;NON;NON;;
;A. Barrier;NON;2850;OUI;NON;NON;7;F;NON;NON;NON;NON;;
;J.Ph. Mary;OUI;2850;OUI;NON;OUI;7;F;NON;NON;NON;NON;;
;F. Nivard;NON;2850;OUI;NON;NON;7;F;NON;NON;OUI;NON;;
;F. Nivard;NON;2700;NON;NON;OUI;7;H;NON;NON;OUI;NON;;
;Ch. Martens;OUI;2700;NON;NON;OUI;6;M;NON;NON;OUI;NON;;
;S. Baude ;OUI;2700;NON;NON;OUI;8;H;NON;NON;NON;NON;;
;E. Raffin;NON;2700;NON;NON;NON;8;F;NON;NON;NON;OUI;;
;M. Smorgon;OUI;2700;NON;NON;NON;6;M;NON;NON;OUI;NON;;
;P. Levesque;NON;2100;OUI;OUI;OUI;7;H;NON;NON;NON;NON;;
;Ch. Martens;OUI;2100;NON;OUI;NON;8;F;NON;NON;NON;NON;;
;Rik Depuydt;NON;2100;NON;OUI;OUI;7;H;OUI;NON;OUI;NON;;
;J.M. Bazire;NON;2100;NON;OUI;OUI;8;H;NON;NON;OUI;NON;;
;D. Thomain;NON;2100;OUI;OUI;OUI;7;M;NON;NON;NON;NON;;
;J.M. Bazire;NON;2850;NON;NON;OUI;6;M;NON;NON;NON;NON;;
;M. Abrivard;NON;2850;NON;NON;OUI;9;F;NON;NON;NON;NON;;
;J.Ph. Mary;OUI;2850;NON;NON;OUI;7;H;NON;NON;NON;NON;;
;T. Le Beller;NON;2850;NON;NON;OUI;7;M;NON;NON;OUI;NON;;
;A. Abrivard;NON;2850;NON;NON;OUI;7;H;NON;NON;NON;NON;;
;Ch. Martens;OUI;2700;NON;NON;OUI;6;M;NON;NON;OUI;NON;;
;P. Vercruysse;NON;2700;NON;NON;NON;6;M;NON;NON;NON;NON;;
;P. Levesque;NON;2700;NON;NON;NON;9;F;NON;NON;OUI;NON;;
;A. Guzzinati;NON;2700;NON;NON;OUI;8;M;NON;NON;NON;NON;;
;J.Et. Dubois;OUI;2700;NON;NON;OUI;7;M;NON;NON;NON;NON;;
;D. Bonne;OUI;2850;NON;NON;OUI;7;H;NON;NON;OUI;NON;;
;J.M. Bazire;OUI;2850;NON;NON;OUI;7;H;NON;NON;OUI;NON;;
;F. Nivard;OUI;2850;NON;NON;NON;7;F;OUI;NON;NON;NON;;
;M. Abrivard;NON;2850;NON;NON;OUI;8;F;NON;NON;NON;NON;;
;A. Barrier;NON;2850;NON;NON;OUI;7;H;NON;NON;OUI;NON;;
;Ch. Martens;OUI;2100;OUI;OUI;NON;8;F;NON;NON;OUI;NON;;
;E. Raffin;NON;2100;NON;OUI;OUI;8;M;NON;NON;OUI;NON;;
;F. Ouvrie;OUI;2100;NON;OUI;NON;8;H;NON;NON;NON;NON;;
;T. Korvenoja ;NON;2100;OUI;OUI;OUI;7;M;NON;NON;NON;NON;;
;J.M. Bazire;NON;2100;NON;OUI;OUI;7;F;NON;NON;OUI;NON;;
;P. Vercruysse;NON;2850;NON;NON;OUI;6;M;NON;NON;OUI;NON;;
;E. Raffin;NON;2850;NON;NON;NON;6;M;NON;NON;NON;NON;;
;A. Barrier;NON;2850;NON;NON;NON;7;F;NON;NON;NON;NON;;
;L. Koubiche;OUI;2850;NON;NON;NON;6;M;NON;NON;NON;NON;;
;J.M. Bazire;NON;2850;NON;NON;NON;6;H;NON;NON;OUI;NON;;
;J.M. Bazire;OUI;2850;NON;NON;OUI;6;M;NON;NON;OUI;NON;;
;M. Abrivard;NON;2850;OUI;NON;OUI;7;H;NON;NON;NON;NON;;
;D. Bonne;OUI;2850;OUI;NON;OUI;7;H;NON;NON;OUI;NON;;
;E. Raffin;NON;2850;OUI;NON;NON;6;M;NON;NON;NON;NON;;
;A. Abrivard;NON;2850;NON;NON;OUI;7;H;NON;NON;NON;NON;;
;J.Ph. Mary;OUI;2100;NON;OUI;OUI;7;H;NON;NON;NON;NON;;
;A. Barrier;NON;2100;OUI;OUI;OUI;6;M;NON;NON;OUI;NON;;
;E. Raffin;NON;2100;NON;OUI;NON;6;H;NON;NON;OUI;NON;;
;B. Goop;NON;2100;NON;OUI;OUI;9;H;NON;NON;NON;NON;;
;J.F. Senet;NON;2100;OUI;OUI;OUI;7;H;NON;NON;NON;OUI;;
;F. Anne;OUI;2850;NON;NON;OUI;4;M;NON;NON;NON;NON;;
;E. Raffin;NON;2850;NON;NON;OUI;4;M;NON;NON;OUI;NON;;
;J. Van Eeckha;OUI;2850;NON;NON;NON;4;M;NON;NON;NON;NON;;
;J. Verbeeck;NON;2850;NON;NON;OUI;4;F;NON;NON;NON;NON;;
;J.Et. Dubois;OUI;2850;NON;NON;OUI;4;F;NON;NON;OUI;NON;;
;Ch.J. Bigeon;OUI;2100;NON;OUI;OUI;7;F;NON;OUI;OUI;NON;;
;Ch. Martens;OUI;2100;NON;OUI;OUI;7;F;NON;NON;OUI;NON;;
;M. Mottier;NON;2100;NON;OUI;NON;8;H;NON;NON;NON;NON;;
;E. Raffin;NON;2100;OUI;OUI;OUI;7;M;NON;NON;NON;NON;;
;P. Levesque;NON;2100;OUI;OUI;OUI;8;H;NON;NON;NON;NON;;
;Ch. Martens;OUI;2700;NON;NON;OUI;6;M;NON;NON;OUI;NON;;
;M. Smorgon;OUI;2700;NON;NON;NON;6;M;NON;NON;NON;NON;;
;F. Nivard;NON;2700;NON;NON;OUI;7;M;NON;NON;OUI;NON;;
;E. Raffin;NON;2700;NON;NON;OUI;7;M;NON;NON;NON;NON;;
;J.Et. Dubois;OUI;2700;NON;NON;NON;6;M;NON;NON;NON;NON;;
;J.M. Bazire;OUI;2100;OUI;OUI;OUI;6;M;OUI;OUI;OUI;NON;;
;L. Koubiche;OUI;2100;OUI;OUI;NON;6;M;NON;NON;OUI;NON;;
;J.Ph. Mary ;OUI;2100;NON;OUI;OUI;7;H;NON;NON;OUI;NON;;
;P. Vercruysse;NON;2100;NON;OUI;OUI;8;H;NON;NON;NON;NON;;
;M. Abrivard;OUI;2100;OUI;OUI;OUI;7;H;NON;NON;NON;NON;;
;J.P. Fichaux;OUI;2700;NON;NON;NON;5;M;NON;NON;NON;NON;;
;J.M. Bazire;NON;2700;NON;NON;OUI;5;H;NON;NON;OUI;NON;;
;S. Carro;NON;2700;NON;NON;OUI;5;M;NON;NON;NON;NON;;
;P.Y. Verva;NON;2700;NON;NON;OUI;5;M;NON;NON;NON;NON;;
;E. Raffin;NON;2700;NON;NON;OUI;5;M;NON;NON;OUI;NON;;
;P. Levesque;NON;2700;NON;NON;OUI;7;M;NON;NON;OUI;NON;;
;R. Derieux;OUI;2700;NON;NON;NON;6;M;NON;NON;OUI;NON;;
;D. Thomain;OUI;2700;NON;NON;OUI;7;H;NON;NON;NON;NON;;
;J.M. Bazire;NON;2700;NON;NON;NON;8;F;NON;NON;NON;NON;;
;A. Abrivard;OUI;2700;NON;NON;OUI;6;M;NON;NON;NON;NON;;
;S. Ernault;OUI;2700;NON;NON;NON;5;M;NON;NON;OUI;NON;;
;M. Abrivard;NON;2700;NON;NON;OUI;5;F;NON;NON;NON;NON;;
;B. Piton;NON;2700;NON;NON;NON;5;M;NON;NON;NON;NON;;
;D. Locqueneux ;NON;2700;NON;NON;OUI;5;M;NON;NON;OUI;NON;;
;S. Carro;OUI;2700;NON;NON;NON;5;M;NON;NON;NON;NON;;
;E. Raffin;NON;2850;OUI;NON;OUI;7;M;NON;NON;OUI;NON;;
;D. Locqueneux ;NON;2850;NON;NON;OUI;6;F;NON;NON;NON;NON;;
;J.M. Bazire;NON;2850;OUI;NON;OUI;7;H;NON;NON;OUI;NON;;
;P. Vercruysse;NON;2850;OUI;NON;NON;7;H;NON;NON;NON;NON;;
;A. Barrier;NON;2850;NON;NON;NON;8;M;NON;NON;NON;NON;;
;J.M. Bazire;OUI;2700;NON;NON;OUI;7;H;NON;NON;OUI;NON;;
;A. Abrivard;OUI;2700;NON;NON;OUI;7;F;NON;NON;OUI;NON;;
;P. Vercruysse;NON;2700;NON;NON;OUI;8;M;NON;NON;NON;NON;;
;J. Niskanen;OUI;2700;NON;NON;OUI;9;H;NON;NON;NON;OUI;;
;R. Derieux;OUI;2700;NON;NON;NON;7;H;NON;NON;NON;NON;;
;F. Anne;OUI;2700;NON;NON;NON;6;H;OUI;NON;OUI;NON;;
;F. Ouvrie;NON;2700;NON;NON;NON;6;H;NON;NON;NON;NON;;
;R. Bakker;NON;2700;NON;NON;OUI;6;M;NON;NON;OUI;NON;;
;F. Nivard;NON;2700;NON;NON;OUI;6;M;NON;NON;NON;NON;;
;R. Andreghett;NON;2700;NON;NON;NON;6;M;OUI;NON;NON;NON;;
;F. Nivard;NON;2100;NON;OUI;NON;6;M;NON;NON;OUI;NON;;
;Ch. Bigeon;OUI;2100;NON;OUI;OUI;7;M;NON;NON;OUI;NON;;
;M. Abrivard;NON;2100;NON;OUI;OUI;9;M;NON;NON;NON;NON;;
;D. Bonne;NON;2100;NON;OUI;NON;8;M;NON;NON;NON;OUI;;
;J.Et. Dubois;OUI;2100;OUI;OUI;OUI;5;M;NON;NON;NON;NON;;
;M. Nimczyk;OUI;2100;OUI;OUI;NON;5;M;OUI;NON;NON;NON;;
;P. Vercruysse;NON;2100;NON;OUI;NON;4;M;OUI;NON;OUI;NON;;
;M. Lenoir;OUI;2100;NON;OUI;OUI;5;M;NON;NON;NON;NON;;
;E. Raffin;NON;2100;NON;OUI;NON;5;H;NON;NON;NON;NON;;
;A.A. Chavatte;OUI;2100;NON;OUI;NON;5;M;NON;NON;NON;NON;;
;Ch.J. Bigeon;OUI;2700;NON;NON;OUI;7;M;NON;NON;OUI;NON;;
;J.M. Bazire;NON;2700;NON;NON;OUI;7;H;NON;NON;OUI;NON;;
;D. Locqueneux ;NON;2700;NON;NON;OUI;7;H;NON;NON;NON;NON;;
;A. Abrivard;OUI;2700;NON;NON;OUI;7;F;NON;NON;OUI;NON;;
;P. Levesque;NON;2700;NON;NON;OUI;8;H;NON;NON;NON;NON;;
;A. Wiels;NON;2850;OUI;NON;NON;7;F;NON;NON;NON;NON;;
;M. Mottier;NON;2850;OUI;NON;OUI;8;H;NON;NON;NON;NON;;
;A. Barrier;NON;2850;OUI;NON;OUI;8;F;NON;NON;NON;NON;;
;H. Sionneau;OUI;2850;NON;NON;OUI;6;H;OUI;NON;OUI;NON;;
;P.Y. Verva;OUI;2850;NON;NON;OUI;7;H;NON;NON;NON;NON;;
;E. Raffin;NON;3000;NON;NON;OUI;5;M;NON;NON;NON;NON;;
;F. Nivard;OUI;3000;NON;NON;OUI;5;M;NON;NON;OUI;NON;;
;E. Lambertz;OUI;3000;NON;NON;OUI;5;M;NON;NON;OUI;NON;;
;P. Vercruysse ;NON;3000;NON;NON;OUI;5;M;OUI;NON;OUI;NON;;
;M. Mottier;OUI;3000;NON;NON;OUI;5;F;NON;NON;OUI;NON;;
;J.M. Bazire;OUI;2850;OUI;NON;NON;6;F;NON;NON;OUI;NON;;
;J.Ph. Monclin;NON;2850;NON;NON;OUI;7;F;NON;NON;OUI;NON;;
;F. Ouvrie;OUI;2850;NON;NON;OUI;6;F;NON;NON;NON;NON;;
;Loic Groussar;OUI;2850;OUI;NON;OUI;6;F;NON;NON;NON;NON;;
;M. Sassier;OUI;2850;OUI;NON;NON;6;F;NON;NON;NON;NON;;
;Mlle J. Lindq;NON;2700;NON;NON;NON;8;F;NON;NON;NON;NON;;
;J.M. Bazire;NON;2700;NON;NON;OUI;6;M;NON;NON;OUI;NON;;
;M. Baroncini;OUI;2700;NON;NON;OUI;6;H;NON;NON;NON;NON;;
;F. Ouvrie;NON;2700;NON;NON;OUI;9;H;NON;NON;NON;NON;;
;Ch. Martens;OUI;2700;NON;NON;OUI;7;F;NON;OUI;OUI;NON;;
;D. Bonne;OUI;2850;NON;NON;OUI;6;H;NON;NON;NON;NON;;
;F. Nivard;NON;2850;NON;NON;OUI;6;H;NON;NON;OUI;NON;;
;A. Duperche;NON;2850;NON;NON;OUI;7;H;NON;NON;NON;NON;;
;J.M. Bazire;NON;2850;NON;NON;OUI;6;H;NON;NON;OUI;NON;;
;D. Thomain;NON;2850;NON;NON;OUI;7;M;NON;NON;NON;NON;;
;Ch.J. Bigeon;OUI;2700;NON;NON;OUI;7;M;NON;NON;OUI;NON;;
;E. Raffin;NON;2700;NON;NON;OUI;7;M;NON;NON;OUI;NON;;
;A. Wiels;NON;2700;NON;NON;NON;7;F;NON;NON;OUI;NON;;
;D. Thomain;NON;2700;NON;NON;OUI;7;M;NON;NON;NON;NON;;
;F. Nivard;NON;2700;NON;NON;OUI;10;H;NON;NON;NON;NON;;
;E. Raffin;NON;2100;OUI;OUI;OUI;7;H;NON;NON;NON;NON;;
;J.M. Bazire;NON;2100;NON;OUI;OUI;7;F;NON;NON;OUI;NON;;
;Cedric Terry;NON;2100;NON;OUI;OUI;8;H;NON;NON;NON;NON;;
;D. Ribemont;NON;2100;NON;OUI;OUI;9;H;NON;NON;NON;NON;;
;D. Brohier;OUI;2100;NON;OUI;OUI;7;H;NON;NON;NON;NON;;
;P. Vercruysse;OUI;2700;NON;NON;OUI;4;F;NON;NON;OUI;NON;;
;A. Barrier;NON;2700;NON;NON;OUI;4;F;NON;NON;OUI;NON;;
;A. Lamy;NON;2700;NON;NON;OUI;4;F;NON;NON;NON;NON;;
;M. Abrivard;OUI;2700;NON;NON;NON;4;F;NON;NON;NON;NON;;
;F. Ouvrie;NON;2700;NON;NON;NON;4;F;NON;NON;NON;NON;;
;A. Thomas;OUI;2850;OUI;NON;NON;6;F;NON;NON;NON;NON;;
;F.P. Bossuet;OUI;2850;OUI;NON;NON;6;F;NON;NON;OUI;NON;;
;E. Raffin;NON;2850;NON;NON;OUI;7;F;NON;NON;NON;NON;;
;B. Piton;NON;2850;NON;NON;OUI;7;F;NON;NON;NON;OUI;;
;M. Fribault;NON;2850;OUI;NON;OUI;6;F;OUI;NON;NON;NON;;
;E. Raffin;NON;2700;NON;NON;OUI;4;F;NON;NON;NON;NON;;
;M. Abrivard;NON;2700;NON;NON;OUI;4;M;NON;NON;OUI;NON;;
;D. Locqueneux;NON;2700;NON;NON;OUI;4;M;OUI;NON;OUI;NON;;
;Ch. Martens;OUI;2700;NON;NON;OUI;4;M;NON;NON;NON;NON;;
;Y. Lebourgeoi;NON;2700;NON;NON;OUI;4;M;NON;NON;NON;NON;;
;F. Ouvrie;NON;2850;NON;NON;OUI;5;F;NON;NON;OUI;NON;;
;A. Abrivard;OUI;2850;OUI;NON;OUI;5;F;NON;NON;OUI;NON;;
;J.M. Bazire;NON;2850;OUI;NON;OUI;5;F;NON;NON;OUI;NON;;
;Th. Viet;NON;2850;OUI;NON;NON;5;F;NON;NON;OUI;NON;;
;S. Hardy;OUI;2850;NON;NON;OUI;5;F;NON;NON;NON;NON;;
;E. Raffin;NON;2100;NON;OUI;OUI;7;M;OUI;OUI;OUI;NON;;
;J.M. Bazire;OUI;2100;NON;OUI;OUI;6;M;NON;NON;OUI;NON;;
;J. Bruneau;OUI;2100;NON;OUI;OUI;6;F;NON;NON;OUI;NON;;
;D. Bonne;NON;2100;NON;OUI;OUI;6;M;NON;NON;OUI;NON;;
;M. Mottier;NON;2100;OUI;OUI;OUI;8;H;NON;NON;NON;NON;;
;;;;;;;;;;;;;;
;;;;;;;;;;03.10.2014;;;;
